學院名稱,課程類別,課程編號,課程名稱,課程大綱,課程講師,課程時數(分鐘),課程狀態,授權日(起),授權日(訖),測驗方式,課程難易度,年度人氣指數,累積人氣指數,選課人數,完成人數
資訊科技學院,一、數位生活應用系列,10000515,電腦保健與無線網路建置,"每個人在使用電腦時，總會遇到一些問題與狀況，本課程教您電腦系統的簡單維護、防毒，以及備份等知識。另外，還介紹家庭如何使用無線網路的主題，包含家庭無線網路的基本概念，如何建置無線網路、公眾無線網路資源等。
",初立德,60,上架,2008/6/23,2030/12/31,課後,初級,705,16759,647,247
資訊科技學院,一、數位生活應用系列,10000519,電腦軟硬體採購與DIY,"第一堂：零組件分析及選購建議
第二堂：主機組裝
第三堂：連接週邊(外接)設備
第四堂：開機測試及故障檢修",初永承,60,上架,2008/6/23,2030/12/31,無,初級,453,15258,403,166
資訊科技學院,一、數位生活應用系列,10000537,數位視訊製作基礎,"數位攝錄影機已經在我們生活隨處可見，多數人面對一大堆數位視訊的規格、攝錄影機的種類仍然感到困惑。本課程將說明您不可不知的數位視訊原理、專業術語及影片專案製作流程，並介紹有哪些腳本繪製軟體、視訊剪輯軟體可以選購、及如何選購一台適合自己的攝錄影機，讓您花最少的時間奠定數位視訊製作的基礎。
",陳文暉.張齡月,60,上架,2008/6/23,2030/12/31,課後,初級,360,9956,369,148
資訊科技學院,一、數位生活應用系列,10000755,Google的協作平台應用教學,"一、如何用及建立Google的協作平台
二、如何在Google協作平台編輯網頁
三、如何在Google協作平台新增頁面
四、如何在Google協作平台中切換頁面
五、如何在Google協作平台中連結到不同頁面
六、Google協作平台頁面某一文字內容如何連結到不同的網頁
七、Google協作平台如何在頁面中插入圖片",中美通科技 楊乾中董事長,30,上架,2010/1/1,2030/12/31,無,初級,294,15858,286,86
資訊科技學院,一、數位生活應用系列,10000756,Google部落格應用教學,"一、如何在Google提供的部落格中設定接受email的方式來產生新文章
二、如何用email的方式產生Google所提供部落格的新文章
三、如何邀請他人來共同發表部落格的文章
四、如何受邀在他人的部落格發表文章
五、如何在Google提供的部落格中出現投影片
六、如何在Google提供的部落格中,出現Youtube影片區的功能
七、如何在部落格中出現標籤區，讓使用者根據標籤找文章
八、如何在Google部落格中加入新聞影片小工具
九、如何在Google部落格中加入AdSense小工具
十、如何在Google部落格中加入清單小工具
十一、Google提供的部落格如何加入網誌清單小工具
十二、Google提供的部落格如何加入追蹤者小工具
十三、Google部落格上的追蹤者小工具，訪客如何使用
十四、如何將新年倒數計時器加入Google部落格
十五、如何得知用戶登入Google提供的部落格要花多久時間
十六、如何縮短訪客剛進入Google部落格的時間
",中美通科技 楊乾中董事長,60,上架,2010/1/1,2030/12/31,無,初級,258,10477,233,66
資訊科技學院,一、數位生活應用系列,10000757,Google的網站分析流量實務應用教學,"  一、如何申請Google analytics新帳號
二、Google Analytics 分析碼,如何快速放入部落格(以HTML-JavaScript 小工具為例)
三、如何登入Google analytics來看流量統計
四、Google analytics如何設定所要分析的一段期間（某段日期區間）
五、Google analytics如何得知某段期間訪客用那一種搜尋引擎找到您的部落格
六、Google analytics如何得知某段期間訪客用何關鍵字找到您的部落格
七、Google analytics如何得知某段期間的訪客，都是透過哪些網站的推介而來到您的部落格或網站
八、Google analytics如何得知某段期間內每天你部落格絕對特定訪客有多少人
九、Google analytics如何得知某段期間你部落格有哪些吸引訪客進入的主題(文章)
十、Google analytics如何得知某段期間,訪客用何關鍵字找到您的某篇文章
十一、Google analytics如何得知某段期間,某篇文章的直接流量",中美通科技 楊乾中董事長,45,上架,2010/1/1,2030/12/31,無,初級,278,67214,275,88
資訊科技學院,一、數位生活應用系列,10000865,PaintShopPro-數位相片編修技巧(上),"第一堂：調整影像
第二堂：修飾影像 ",資訊科技學院教師,60,上架,2012/8/27,2030/12/31,課後,中級,343,9976,322,106
資訊科技學院,一、數位生活應用系列,10000866,PaintShopPro-數位相片編修技巧(下),第一堂：影像合成,資訊科技學院教師,60,上架,2012/8/27,2030/12/31,課後,中級,105,4500,124,69
資訊科技學院,一、數位生活應用系列,10000944,酷炫電腦密技1-常用軟體篇,"1. 鍵盤常用的視窗鍵快捷鍵(Hot Key)
2. 公司團隊工作如何為檔案命名
3. 資料夾如何命名讓其能自動排序
4. 如何將Line Wechat E-mail 的內容有條理的儲存
5. 如何找電腦內的檔案
6. 某段內容如何得知存在何檔案內
7. 如何找網際網路內的檔案
8. 某段內容如何在網際網路內尋找
9. 如何下載及安裝FIREFOX瀏覽器
10. 如何下載及安裝CHROME瀏覽器
11. 如何多視窗管理檔案(Q-Dir)
12. Word內如何全文替代某內容(例如符號統一為全形)
13. word 用表格製作的通訊錄如何轉到Excel
14. 播放簡報檔的技巧
15. Access資料庫內的資料如何轉到Excel
16. Excel內如何搜尋某內容
17. Excel內如何管理文章又能搜尋其內容
18. 如何得知當月的壽星辦慶生
19. 如何下載及安裝360安全衛士
20. 電腦如何關閉自動啟動的程式
21. 如何清理電腦中的Cookie與垃圾及上網痕跡
22. 如何硬碟重組以加快電腦存取速度
",楊乾中,80,上架,2014/11/27,2030/12/31,無,初級,395,261169,357,181
資訊科技學院,一、數位生活應用系列,10000945,酷炫電腦密技2-Google相關軟體篇,"1. 如何申請免費的Gmail
2. 如何使用Gmail
3. 如何用Google的blogger 建立公司的部落格
4. 如何建立Blogger 內文章
5. Blogger如何找人共筆
6. blogger如何設定用e-mail 將內容上架
7. blogger如何設定文章標籤
8. blogger 如何得知流量狀況
9. blogger 如何變換版面
10. blogger 如何新增小工具
11. facebook或部落格分享的影片如何在Youtube 找到
12. 如何下載youtube 上的影片
13. Google Chrome如何管理書籤(我的最愛)
14. Google Chrome如何找書籤(我的最愛)
15. Google Chrome 如何匯入書籤
16. Google Chrome 如何同步書籤
17. Google Chrome如何新增及刪除使用者
18. 關心的議題如何主動e-mail通知您
19. 如何找Google行事曆內的內容
20. 如何使用Google 的雲端硬碟
21. 如何分享Google 雲端硬碟的資料
22. Google地圖如何規劃路徑",楊乾中,60,上架,2014/11/27,2030/12/31,無,初級,131,6760,131,69
資訊科技學院,一、數位生活應用系列,10000946,酷炫電腦密技3-手機篇,"1. 出國如何讓手機不要產生數據漫遊費用
2. 如何下載及安裝360手機助手
3. 手機內的照片如何複製到電腦
4. 手機或平板如何下載及安裝line
5. 如何設定自己Line的ID
6. Line如何用他人ID加入好友並文字與圖片對話
7. Line 如何變更好友姓名方便辨識
8. Line 如何關閉鈴聲提醒
9. Line 如何建立臨時群組
10. Line如何將臨時群組內的成員加為好友並變更名稱
11. Line 如何建立永久群組
12. Line如何將固定群組內的成員加為好友並變更名稱
13. Line 如何退出群組
14. Line 如何將內容存成記事本
15. Line 如何打電話
16. Line 如何留言
17. Line如何傳所在位址
18. Line 如何刪除群組成員
19. Line 如何封鎖朋友
20. Line 如何用搖一搖加入好友
21. Line 如何用行動條碼加入好友
22. 如何下載及安裝Line PC 版
23. Line 如何在電腦也能用",楊乾中,94,上架,2014/11/27,2030/12/31,無,初級,202,7510,206,96
資訊科技學院,一、數位生活應用系列,10001216,響應式跨平台網頁設計之一：網站規劃與HTML5網站版型設計,"．第一堂：網站規劃
．第二堂：網站視覺
．第三堂：HTML5網站版型設計",李仲傑,156,上架,2018/3/1,2019/2/28,無,初級,453,2453,452,161
資訊科技學院,一、數位生活應用系列,10001217,響應式跨平台網頁設計之二：CSS3網頁效果與響應式購物網站製作,"．第一堂：CSS3介紹
．第二堂：CSS3網頁效果設定
．第三堂：CSS3網頁動畫與網頁字體使用
．第四堂：Dreamweaver響應式購物網站製作",李仲傑,162,上架,2018/3/1,2019/2/28,無,初級,223,1489,234,99
資訊科技學院,一、數位生活應用系列,10001218,響應式跨平台網頁設計之三：Muse網站實作—企業網站,"．第一堂：Muse介紹與專案建立
．第二堂：Muse基本操作(上)
．第三堂：Muse基本操作(下)
．第四堂：Muse企業網站實作",李仲傑,123,上架,2018/3/1,2019/2/28,無,初級,108,1098,144,75
資訊科技學院,一、數位生活應用系列,10001219,響應式跨平台網頁設計之四：jQuery與Edge Animate應用,"．第一堂：jQuery介紹與使用
．第二堂：jQuery外掛特效製作
．第三堂：Edge Animate網頁動畫製作
．第四堂：jQuery Mobile介紹與使用
．第五堂：網站管理與最佳化設定",李仲傑,157,上架,2018/3/1,2019/2/28,無,初級,167,1253,183,70
資訊科技學院,一、數位生活應用系列,10001222,數位時代行銷新典範,"如果您是經營決策管理者：
1. 能夠將企業使命、企業目標轉化為可執行的網站數據分析工作目標
2. 對數據分析的結果，能夠有效判別，並採取合適的對策
3. 充分理解網站數據分析工具提供數據的範圍、功用與限制
4. 能夠根據企業現況與實際成效，提供建立數據分析平台必要的資源
如果您是網站行銷執行者：
1. 能夠有效分辨問題，並定義問題核心的數據需求
2. 能夠操作GA，並能透過對GA的理解，快速掌握其它分析工具的關鍵功能
3. 能夠有效統合相關的工具，提供解決問題所需的數據與建議對策",張秉祖,60,上架,2018/7/1,2019/7/1,無,初級,418,2994,545,371
資訊科技學院,一、數位生活應用系列,10001223,建立以 GA 為藍本的網站分析平台,"如果您是經營決策管理者：
1. 能夠將企業使命、企業目標轉化為可執行的網站數據分析工作目標
2. 對數據分析的結果，能夠有效判別，並採取合適的對策
3. 充分理解網站數據分析工具提供數據的範圍、功用與限制
4. 能夠根據企業現況與實際成效，提供建立數據分析平台必要的資源
如果您是網站行銷執行者：
1. 能夠有效分辨問題，並定義問題核心的數據需求
2. 能夠操作GA，並能透過對GA的理解，快速掌握其它分析工具的關鍵功能
3. 能夠有效統合相關的工具，提供解決問題所需的數據與建議對策",張秉祖,60,上架,2018/7/1,2019/7/1,無,初級,193,2051,248,145
資訊科技學院,一、數位生活應用系列,10001224,衡量流量與判斷流量的價值,"如果您是經營決策管理者：
1. 能夠將企業使命、企業目標轉化為可執行的網站數據分析工作目標
2. 對數據分析的結果，能夠有效判別，並採取合適的對策
3. 充分理解網站數據分析工具提供數據的範圍、功用與限制
4. 能夠根據企業現況與實際成效，提供建立數據分析平台必要的資源
如果您是網站行銷執行者：
1. 能夠有效分辨問題，並定義問題核心的數據需求
2. 能夠操作GA，並能透過對GA的理解，快速掌握其它分析工具的關鍵功能
3. 能夠有效統合相關的工具，提供解決問題所需的數據與建議對策",張秉祖,60,上架,2018/7/1,2019/7/1,無,初級,157,1652,200,118
資訊科技學院,一、數位生活應用系列,10001225,深入解析訪客行為,"如果您是經營決策管理者：
1. 能夠將企業使命、企業目標轉化為可執行的網站數據分析工作目標
2. 對數據分析的結果，能夠有效判別，並採取合適的對策
3. 充分理解網站數據分析工具提供數據的範圍、功用與限制
4. 能夠根據企業現況與實際成效，提供建立數據分析平台必要的資源
如果您是網站行銷執行者：
1. 能夠有效分辨問題，並定義問題核心的數據需求
2. 能夠操作GA，並能透過對GA的理解，快速掌握其它分析工具的關鍵功能
3. 能夠有效統合相關的工具，提供解決問題所需的數據與建議對策",張秉祖,60,上架,2018/7/1,2019/7/1,無,初級,258,1602,320,188
資訊科技學院,一、數位生活應用系列,10001226,數據清理與細分分析,"如果您是經營決策管理者：
1. 能夠將企業使命、企業目標轉化為可執行的網站數據分析工作目標
2. 對數據分析的結果，能夠有效判別，並採取合適的對策
3. 充分理解網站數據分析工具提供數據的範圍、功用與限制
4. 能夠根據企業現況與實際成效，提供建立數據分析平台必要的資源
如果您是網站行銷執行者：
1. 能夠有效分辨問題，並定義問題核心的數據需求
2. 能夠操作GA，並能透過對GA的理解，快速掌握其它分析工具的關鍵功能
3. 能夠有效統合相關的工具，提供解決問題所需的數據與建議對策",張秉祖,60,上架,2018/7/1,2019/7/1,無,初級,190,1463,233,122
資訊科技學院,一、數位生活應用系列,10001227,GA 多管道程序 (MCF) 報表分析,"如果您是經營決策管理者：
1. 能夠將企業使命、企業目標轉化為可執行的網站數據分析工作目標
2. 對數據分析的結果，能夠有效判別，並採取合適的對策
3. 充分理解網站數據分析工具提供數據的範圍、功用與限制
4. 能夠根據企業現況與實際成效，提供建立數據分析平台必要的資源
如果您是網站行銷執行者：
1. 能夠有效分辨問題，並定義問題核心的數據需求
2. 能夠操作GA，並能透過對GA的理解，快速掌握其它分析工具的關鍵功能
3. 能夠有效統合相關的工具，提供解決問題所需的數據與建議對策",張秉祖,60,上架,2018/7/1,2019/7/1,無,初級,172,1287,209,126
資訊科技學院,一、數位生活應用系列,10001228,實「站」應用,"如果您是經營決策管理者：
1. 能夠將企業使命、企業目標轉化為可執行的網站數據分析工作目標
2. 對數據分析的結果，能夠有效判別，並採取合適的對策
3. 充分理解網站數據分析工具提供數據的範圍、功用與限制
4. 能夠根據企業現況與實際成效，提供建立數據分析平台必要的資源
如果您是網站行銷執行者：
1. 能夠有效分辨問題，並定義問題核心的數據需求
2. 能夠操作GA，並能透過對GA的理解，快速掌握其它分析工具的關鍵功能
3. 能夠有效統合相關的工具，提供解決問題所需的數據與建議對策",張秉祖,60,上架,2018/7/1,2019/7/1,無,初級,345,1836,361,183
資訊科技學院,一、數位生活應用系列,10001229,Google文件與雲端硬碟應,Google文件與雲端硬碟應,江靜枝,115,上架,2018/4/1,2030/12/31,無,初級,507,2001,525,245
資訊科技學院,一、數位生活應用系列,10001232,Youtube實用操作技巧及行銷管理,Youtube實用操作技巧及行銷管理,黃紘昱,39,上架,2018/4/1,2030/12/31,無,初級,552,2646,579,347
資訊科技學院,一、數位生活應用系列,10001233,第一單元： 機器學習及MLlib介紹,本課程內容涵蓋機器學習、資料處理，以及資料分析。將透過深入淺出的方式了解機器學習原理，使用Spark MLlib分析真實資料，學習之後能立即應用於日常工作上。,Bryan Yang,60,上架,2018/7/1,2019/7/1,無,初級,330,3337,334,107
資訊科技學院,一、數位生活應用系列,10001234,第二單元：資料型態及讀取資料,本課程內容涵蓋機器學習、資料處理，以及資料分析。將透過深入淺出的方式了解機器學習原理，使用Spark MLlib分析真實資料，學習之後能立即應用於日常工作上。,Bryan Yang,60,上架,2018/7/1,2019/7/1,無,初級,114,2415,138,59
資訊科技學院,一、數位生活應用系列,10001235,第三單元：基礎統計量及相關分析,本課程內容涵蓋機器學習、資料處理，以及資料分析。將透過深入淺出的方式了解機器學習原理，使用Spark MLlib分析真實資料，學習之後能立即應用於日常工作上。,Bryan Yang,60,上架,2018/7/1,2019/7/1,無,初級,101,2318,123,50
資訊科技學院,一、數位生活應用系列,10001236,第四單元：K-means分群模型 (K-means Clustering),本課程內容涵蓋機器學習、資料處理，以及資料分析。將透過深入淺出的方式了解機器學習原理，使用Spark MLlib分析真實資料，學習之後能立即應用於日常工作上。,Bryan Yang,60,上架,2018/7/1,2019/7/1,無,初級,51,797,75,44
資訊科技學院,一、數位生活應用系列,10001237,第五單元： Logistic 分類模型 (Logistic Regression),本課程內容涵蓋機器學習、資料處理，以及資料分析。將透過深入淺出的方式了解機器學習原理，使用Spark MLlib分析真實資料，學習之後能立即應用於日常工作上。,Bryan Yang,60,上架,2018/7/1,2019/7/1,無,初級,55,575,75,43
資訊科技學院,一、數位生活應用系列,10001238,第六單元：ALS推薦影片模型,本課程內容涵蓋機器學習、資料處理，以及資料分析。將透過深入淺出的方式了解機器學習原理，使用Spark MLlib分析真實資料，學習之後能立即應用於日常工作上。,Bryan Yang,60,上架,2018/7/1,2019/7/1,無,初級,49,523,69,44
資訊科技學院,一、數位生活應用系列,10001239,第一單元： 資料探勘應用-R語言初階,"1.課程包括二大部份。首先是R語言的下載、安裝與操作簡介、整合式開發環境RStudio介紹與圖形化使用者介面R Commander介紹。其次是套件、說明文件的使用，期望透過範例引導，掌握R在商業資料分析等應用。
2.課程包括二大部份，首先為資料物件操作與繪圖，最後是資料輸入、處理、輸出與統計分析。
3.課程目的為介紹R語言在預測模型的應用與案例解析。課程內容包括：
●預測模型簡介
●R在線性模型之使用套件說明
●R在非線性模型之使用套件說明
●R在廣義線性模型之使用套件說明。
4.期望透過案例引導掌握R在預測模型與商業應用。",李明昌,60,上架,2018/7/1,2019/7/1,無,初級,190,1780,211,112
資訊科技學院,一、數位生活應用系列,10001240,第二單元： 資料探勘應用-R語言圖形化與資料轉換,"1.課程包括二大部份。首先是R語言的下載、安裝與操作簡介、整合式開發環境RStudio介紹與圖形化使用者介面R Commander介紹。其次是套件、說明文件的使用，期望透過範例引導，掌握R在商業資料分析等應用。
2.課程包括二大部份，首先為資料物件操作與繪圖，最後是資料輸入、處理、輸出與統計分析。
3.課程目的為介紹R語言在預測模型的應用與案例解析。課程內容包括：
●預測模型簡介
●R在線性模型之使用套件說明
●R在非線性模型之使用套件說明
●R在廣義線性模型之使用套件說明。
4.期望透過案例引導掌握R在預測模型與商業應用。",李明昌,72,上架,2018/7/1,2019/7/1,無,初級,71,1287,89,60
資訊科技學院,一、數位生活應用系列,10001241,第三單元： Data Mining應用-R語言的非監督式與監督式學習,"1.課程包括二大部份。首先是R語言的下載、安裝與操作簡介、整合式開發環境RStudio介紹與圖形化使用者介面R Commander介紹。其次是套件、說明文件的使用，期望透過範例引導，掌握R在商業資料分析等應用。
2.課程包括二大部份，首先為資料物件操作與繪圖，最後是資料輸入、處理、輸出與統計分析。
3.課程目的為介紹R語言在預測模型的應用與案例解析。課程內容包括：
●預測模型簡介
●R在線性模型之使用套件說明
●R在非線性模型之使用套件說明
●R在廣義線性模型之使用套件說明。
4.期望透過案例引導掌握R在預測模型與商業應用。",李明昌,77,上架,2018/7/1,2019/7/1,無,初級,53,1247,75,46
資訊科技學院,一、數位生活應用系列,10001242,第四單元： Data Mining應用-使用R語言預測模型,"1.課程包括二大部份。首先是R語言的下載、安裝與操作簡介、整合式開發環境RStudio介紹與圖形化使用者介面R Commander介紹。其次是套件、說明文件的使用，期望透過範例引導，掌握R在商業資料分析等應用。
2.課程包括二大部份，首先為資料物件操作與繪圖，最後是資料輸入、處理、輸出與統計分析。
3.課程目的為介紹R語言在預測模型的應用與案例解析。課程內容包括：
●預測模型簡介
●R在線性模型之使用套件說明
●R在非線性模型之使用套件說明
●R在廣義線性模型之使用套件說明。
4.期望透過案例引導掌握R在預測模型與商業應用。",李明昌,60,上架,2018/7/1,2019/7/1,無,初級,48,574,67,44
資訊科技學院,一、數位生活應用系列,10001243,第一單元：重視溝通的敏捷新文化,"軟體業最重要的是工作文化 而敏捷新文化首重面對面溝通 我們探討溝通管道 溝通目的 及溝通佈置 (含溝通利器看板) 並談及台灣軟體業較弱的群育及英文 敏捷開發帶來的新觀念 及人際溝通的新研究等等 最後介紹廣為人知的極限開發法的文化(價值觀)及其實務。
本課程介紹敏捷宣言及匠藝宣言等產業升級的軌跡，再由不同長度的溝通週期 (短則五秒、長則兩月) 所進行的測試來帶動軟體開發，這叫測試帶動法。 最基本的溝通是雙人組開發，除溝通外，本課程也將介紹制訂myAgile的敏捷方法，包含需求工程、 架構設計及細部設計。",陳振炎,81,上架,2018/7/1,2019/7/1,無,初級,209,1878,252,117
資訊科技學院,一、數位生活應用系列,10001244,第二單元：由溝通來帶動軟體開發,"軟體業最重要的是工作文化 而敏捷新文化首重面對面溝通 我們探討溝通管道 溝通目的 及溝通佈置 (含溝通利器看板) 並談及台灣軟體業較弱的群育及英文 敏捷開發帶來的新觀念 及人際溝通的新研究等等 最後介紹廣為人知的極限開發法的文化(價值觀)及其實務。
本課程介紹敏捷宣言及匠藝宣言等產業升級的軌跡，再由不同長度的溝通週期 (短則五秒、長則兩月) 所進行的測試來帶動軟體開發，這叫測試帶動法。 最基本的溝通是雙人組開發，除溝通外，本課程也將介紹制訂myAgile的敏捷方法，包含需求工程、 架構設計及細部設計。",陳振炎,48,上架,2018/7/1,2019/7/1,無,初級,58,1276,101,65
資訊科技學院,一、數位生活應用系列,10001245,第三單元： myAgile 敏捷方法,"軟體業最重要的是工作文化 而敏捷新文化首重面對面溝通 我們探討溝通管道 溝通目的 及溝通佈置 (含溝通利器看板) 並談及台灣軟體業較弱的群育及英文 敏捷開發帶來的新觀念 及人際溝通的新研究等等 最後介紹廣為人知的極限開發法的文化(價值觀)及其實務。
本課程介紹敏捷宣言及匠藝宣言等產業升級的軌跡，再由不同長度的溝通週期 (短則五秒、長則兩月) 所進行的測試來帶動軟體開發，這叫測試帶動法。 最基本的溝通是雙人組開發，除溝通外，本課程也將介紹制訂myAgile的敏捷方法，包含需求工程、 架構設計及細部設計。",陳振炎,82,上架,2018/7/1,2019/7/1,無,初級,40,1260,81,37
資訊科技學院,二、哈燒職場進修系列,10000170,互動式自學系列-PowerPoint主管篇,"一、	PowerPoint使用說明
二、	案例實做
",中美通科技,60,上架,2006/7/31,2030/12/31,無,初級,143,7408,110,22
資訊科技學院,二、哈燒職場進修系列,10000606,Word 2007手冊套表應用王,"Word 2007不僅可以輕鬆利用樣式、格式的設定與各式圖例的插入來建立一份美觀文件，更可以很容易地編輯專業書籍手冊、論文報告…等長篇文件。本課程中以套印員工基本資料表格、書籍手冊論文報告的編排、填寫資料用的表單設計、寄送學員問候信函的合併列印、寄送用的合併列印信封或郵遞標籤、合併列印製作商品型錄手冊等範例，讓您進一步學習各種Word 2007的進階應用。
",張翠玲.陳怡文,60,上架,2008/6/23,2030/12/31,無,中級,98,10584,104,44
資訊科技學院,二、哈燒職場進修系列,10000608,Excel 2007 試算分析王,"Microsoft Office Excel是一套為人熟知、廣泛應用的軟體，Microsoft Office Excel 2007提供全新的新風貌，賞心悅目的嶄新界面、一目了然的圖案指引、互動引導的工具提示、快速呈現的即時預覽…等，在在提拱了Excel設計報表概念的新突破，讓我們可以快速建立各式專業的統計分析報表及統計圖表。
",張翠玲,60,上架,2008/6/23,2030/12/31,課後,中級,266,44619,515,275
資訊科技學院,二、哈燒職場進修系列,10000612,PowerPoint 2007 圖解技巧入門篇 上,"PowerPoint在2007的版本做了很大的修改，除了人性化的工作介面之外，也為了初學者做了許多貼心的設計，所以就算是初學者也可以做出專業的圖解效果。Smart Art可以快速的幫助你完成簡報的圖解效果，在沒有Smar Art之前，我們要建立簡報的圖解可能要花許多時間，但有了Smart Art後，簡報的圖解效果都可以在30秒內完成。
",蘇世榮,300,上架,2008/6/23,2030/12/31,課後,中級,214,14170,241,93
資訊科技學院,二、哈燒職場進修系列,10000613,PowerPoint 2007圖解技巧入門篇 下,"在初階圖解技巧(上)我們針對分類的圖解效果做了許多的範例來說明，而在初階圖解技巧(下)的課程中我們將針對連結的圖解和配置的圖解來做說明，讓大家可以針對分類、連結、配置來做完整的簡報圖解。\r\n這次除了使用Smart Art來建行圖解外，也會在加入繪圖工具來協助圖解美化。最後在加入適當的動畫，讓整份簡報更加的專業。
",蘇世榮,60,上架,2008/6/23,2030/12/31,課後,中級,84,7045,117,39
資訊科技學院,二、哈燒職場進修系列,10000620,Outlook 2007人脈管理王,"對於很多人而言，目前工作上使用郵件來與客戶或同事溝通，已是大家不可或缺的方式，所以Outlook 2007除了對郵件的編輯、管理提供更多的功能外，還包括：一、行事曆功能來管理行程及會議
二、工作功能提供待辦事項清單的管理
三、日誌則提供工作或生活上諸多事情的紀錄
四、連絡人在你將客戶資料建檔後，提供多樣化的管理功能
五、記事像電子的memo紙般可以隨意貼在桌面上
除此之外，身為Offcie 2007成員之一的Outlook，包含以結果導向的新使用介面，一定讓使用者驚艷外，也大幅提升我們工作的生產力，另外課程中還會介紹行動訊息服務的簡訊應用。",張大明,60,上架,2008/6/23,2030/12/31,無,中級,29,7618,51,20
資訊科技學院,二、哈燒職場進修系列,10000624,Acrobat PDF 數位文件設計,"電子文件一直廣為流傳於學術界之論文應用，現今電子文件流通的網際社會中，電子文件已不再只是學術界人士所偏愛運用的檔案格式，而是大多數發表電子流通文件作者們的考量了。在本課程當中，我們將介紹Acrobat的操作方式與使用要領，使您了解如何使用Acrobat Reader來閱讀電子文件，進而至Acrobat Maker中修改並編輯內容，更可以設定保全選項以保護文件。除了使文件可以完全落實跨平台之使用，達到最大的使用效能之外，更可完成文件互動電子化的期望。
",葉晴,60,上架,2008/6/23,2030/12/31,無,中級,21,5689,40,11
資訊科技學院,二、哈燒職場進修系列,10000625,Outlook在專案管理上的應用,"本課程主要介紹專案執行過程中，Outlook對時程管理上的協助及應用。尤其是多人時程上的安排，Outlook可藉由行事曆的共用，讓專案成員能解彼此的行程安排，不論是進行會議或是外出等各種行程安排，都會能輕鬆上手。
",初立德,60,上架,2008/6/23,2030/12/31,課後,中級,149,8891,145,46
資訊科技學院,二、哈燒職場進修系列,10000627,簡報圖解技巧進階篇  上,"圖示是最容易表達、最能撼動人心與加深印象的媒介。透過圖式的繪製，輔以精闢文字、數據的摘要說明，更能明確傳遞各種作業流程與訊息。所以簡報圖解技巧進階，可協助辦公室裡的一般行政秘書人員、各種領域的工作人員、以及從事各種技術性工作的使用者，可以輕鬆的在簡報中、傳遞及溝通複雜的構想、程序和邏輯思維，透過圖式的展現與溝通，讓他們可以採取更實際的有效行動。\r\n\r\n學會簡報圖解技巧進階您就可以將你的想法圖解化，讓您在與人溝通時更加的容易，也可以讓別人更清楚你的想法。
",蘇世榮,60,上架,2008/6/23,2030/12/31,課後,中級,156,10047,216,127
資訊科技學院,二、哈燒職場進修系列,10000628,簡報圖解技巧進階篇 下,"圖解除了使用繪圖工具列來繪製之外，Excel的圖表也是一種很好運用的功能，利用Excel的圖表，我們也可以繪製出一些精彩的圖解簡報。\r\n以及流程圖的繪製，應該也是簡報中很常運用到的，和利用真正的圖片來建立簡報的圖解，也是一種不錯的表現方式。學會簡報圖解技巧進階您就可以將你的想法圖解化，讓您在與人溝通時更加的容易，也可以讓別人更清楚你的想法。
",蘇世榮,60,上架,2008/6/23,2030/12/31,課後,中級,106,6261,163,79
資訊科技學院,二、哈燒職場進修系列,10000629,如何建立一個全新的專案計畫,"本課程主要介紹如何依照專案排程的順序，來建立專案計畫執行內容，將專案資訊依序輸入甘特圖中，包括時程、資源的資訊，過程中會學習到專案管理知識及專案執行基礎觀念，最後完成專案計畫初稿的建立，作為評估專案執行的依據。
",張大明,60,上架,2008/6/23,2030/12/31,課後,中級,93,7683,105,36
資訊科技學院,二、哈燒職場進修系列,10000630,如何建立資源並檢視資源分派的狀況,"本課程主要介紹如何在資源表中建立資源資訊，包括資源名稱、資源類型、最大可用量、成本資訊等，在甘特圖檢視中為任務分派資源，檢視資源分派後的結果，是否有發生資源過度分派的情形，可由資源工作表、資源使用狀況、資源圖表等，來檢視資源分派的情形，也可配合篩選器篩選發生資源過度分派的資源。
",張大明,60,上架,2008/6/23,2030/12/31,課後,高級,24,4393,50,22
資訊科技學院,二、哈燒職場進修系列,10000632,Word 短篇文件編輯,"Word這套電腦文書處理軟體，提供了非常簡易親和的使用者界面，並且簡化了一般的文書編輯工作，讓使用者以最少的時間完成更多的工作。不論是最基本的文件，或是學術研究者所需撰寫的研究報告，到專業性的文件如產品型錄，公文等等，都可利用Word輕鬆製作。本課程將介紹Word的三大主功能，文字編輯、表格設計與圖文整合，使您在學會本課程後得以輕鬆運用Word製作出最適當的文件。
",陳怡文,60,上架,2008/6/23,2030/12/31,課後,中級,167,10179,177,87
資訊科技學院,二、哈燒職場進修系列,10000633,Word企劃書製作,"Word軟體不僅是一套電腦文書處理軟體，更是最簡易上手的排版軟體。不論是最基本的文件，或是學術研究者所需撰寫的研究報告，到專業性的文件如企劃書、公司簡介及產品型錄等等，都可利用Word輕鬆製作。本課程將介紹如何使用Word來製作包含有圖表說明的分析文件，以及安排企劃書的整體版面設計方式，加強您做企劃書的能力。
",陳怡文,60,上架,2008/6/23,2030/12/31,課後,中級,102,9799,105,48
資訊科技學院,二、哈燒職場進修系列,10000645,打造業績龍虎榜,"Excel提供了許多非常實用的函數，運用函數可以協助我們工作報表上的統計、判斷、分析等工作，排行榜是各行各業營運後不可或缺的重要需求，這個課程將介紹設計業績排行榜的流程與各項計算工作。
",張翠玲,60,上架,2008/6/23,2030/12/31,課後,初級,93,4897,143,69
資訊科技學院,二、哈燒職場進修系列,10000646,設定電子郵件帳號開始收發郵件,"一、啟動Outlook，並設定Exchang Server電子郵件帳號
二、啟動Outlook，並設定免費信箱(POP3)電子郵件帳號
三、如何補設免費信箱(POP3)電子郵件帳號
四、如何補設Exchange Server電子郵件帳號
五、如何修改電子郵件帳號的相關設定
六、如何設定外寄郵件伺服器驗証
七、如何刪除電子郵件帳號
八、功能窗格的認識及設定
九、寄出第一封郵件
十、如何接收郵件及閱讀郵件
十一、如何刪除電子郵件",初立德,60,上架,2008/6/23,2030/12/31,課後,初級,58,6384,41,19
資訊科技學院,二、哈燒職場進修系列,10000647,快速學會郵件基本應用,"本課程將介紹電子郵件中收件人、副本、密件副本等的基本認知，並進一步的說明回覆、全部回覆、轉寄及草稿的各種操作，及連絡人的建立及技巧。
",初立德,60,上架,2008/6/23,2030/12/31,課後,初級,68,6760,63,25
資訊科技學院,二、哈燒職場進修系列,10000648,掌握郵件往返的技巧,"本課程介紹在郵件的傳送、接受過程當中，常遇到問題的排除方法，以及郵件管理的技巧，包括：郵件附件的寄發，接收郵件後的附件管理，以及郵件附件禁止存取的處理，另外在郵件管理上，如何應用重要性、郵寄標籤、及特定時間自動寄發來管理郵件，或是重寄郵件、回收郵件的方法等。
",初立德,60,上架,2008/6/23,2030/12/31,課後,初級,59,6211,73,27
資訊科技學院,二、哈燒職場進修系列,10000843,工作時間安排與專案管理(上),"．第一堂：認識專案管理及GanttProject介紹
．第二堂：工作時間安排規劃
．第三堂：執行工作的時程控管",資訊科技學院教師,60,上架,2011/9/30,2030/12/31,課後,高級,340,16482,443,187
資訊科技學院,二、哈燒職場進修系列,10000844,工作時間安排與專案管理(下),"．第一堂：認識專案管理及GanttProject介紹
．第二堂：工作時間安排規劃
．第三堂：執行工作的時程控管
",資訊科技學院教師,60,上架,2011/9/30,2030/12/31,課後,高級,200,8318,275,110
資訊科技學院,二、哈燒職場進修系列,10000867,化繁為簡的數位教材製作-Course Master進階篇,"第一堂：學習評量篇
第二堂：學習輔助篇
第三堂：特別說明篇",資訊科技學院教師,60,上架,2012/9/26,2030/12/31,無,中級,19,3184,30,15
資訊科技學院,二、哈燒職場進修系列,10000868,化繁為簡的數位教材製作-Course Master初階篇,"第一堂：入門需知
第二堂：學習資訊篇
第三堂：學習內容篇",資訊科技學院教師,60,上架,2012/9/26,2030/12/31,無,中級,37,4921,49,18
資訊科技學院,二、哈燒職場進修系列,10000879,圖文並茂-資料排版製作,"‧	學會文字的應用
‧	學會圖文的排版方法
",劉文琇,78,上架,2013/10/15,2030/12/31,課後,中級,105,6667,137,54
資訊科技學院,二、哈燒職場進修系列,10000880,網拍賣場設計,"‧	成立網拍賣場
‧	商品照片的修圖技巧
",吳宣慧,83,上架,2013/10/15,2030/12/31,課後,中級,513,13590,460,133
資訊科技學院,二、哈燒職場進修系列,10001272,Excel職場必學函數應用(上),"歡迎進入本課程，您可依照學習流程，循序漸進
地完成學習！
．第一堂：函數運用的先備知識
．第二堂：日期、數學與統計函數
請點選左邊課程選單，開始學習！",蘇世榮 老師,145,上架,2018/12/6,2030/12/30,無,初級,5,22,0,0
資訊科技學院,二、哈燒職場進修系列,10001273,Excel職場必學函數應用(下),"歡迎進入本課程，您可依照學習流程，循序漸進
地完成學習！
．第一堂：檢視參照與資料庫函數
．第二堂：邏輯、文字與財務
請點選左邊課程選單，開始學習！",蘇世榮 老師,117,上架,2018/12/6,2030/12/30,無,初級,1,8,0,0
資訊科技學院,二、哈燒職場進修系列,10001274,Excel 2013精算大師,"歡迎進入本課程，您可依照學習流程，循序漸進
地完成學習！
．第一堂：Excel 2013概論及介面、操作介紹
．第二堂：資料解析及資料複製
．第三堂：公式撰寫及公式的複製
．第四堂：商用函數解析
．第五堂：商用函數的進階應用
請點選左邊課程選單，開始學習！",陳健帆 老師,419,上架,2018/12/6,2030/12/30,無,初級,0,0,0,0
資訊科技學院,二、哈燒職場進修系列,10001275,Excel 2013進階應用,"歡迎進入本課程，您可依照學習流程，循序漸進
地完成學習！
．第一堂：邏輯函數、日期函數與格式整合
．第二堂：查表函數與財務函數應用
．第三堂：資料分析
．第四堂：圖表製作與應用工具
請點選左邊課程選單，開始學習！",陳健帆 老師,351,上架,2018/12/6,2030/12/30,無,初級,0,0,0,0
資訊科技學院,二、哈燒職場進修系列,10001276,Word 2013文書排版,"歡迎進入本課程，您可依照學習流程，循序漸進
地完成學習！
．第一堂：大板根樂活一日遊
．第二堂：會議記錄
．第三堂：圖文處理
．第四堂：編輯文件技巧
．第五堂：編製表格
請點選左邊課程選單，開始學習！",陳智揚 老師,228,上架,2018/12/6,2030/12/30,無,初級,0,0,0,0
資訊科技學院,二、哈燒職場進修系列,10001277,Word 2013進階應用,"歡迎進入本課程，您可依照學習流程，循序漸進
地完成學習！
．第一堂：生活小冊子
．第二堂：我的邀請函
．第三堂：客戶問候函
．第四堂：無所不在的會議報告(一)
．第五堂：無所不在的會議報告(二)
請點選左邊課程選單，開始學習！",楊玉文 老師,292,上架,2018/12/6,2030/12/30,無,初級,0,0,0,0
資訊科技學院,二、哈燒職場進修系列,10001278,PowerPoint 2013簡報創意王,"歡迎進入本課程，您可依照學習流程，循序漸進
地完成學習！
．第一堂：速成商用專業簡報
．第二堂：繪製母片與其他Office軟體靈活運用
．第三堂：視覺化的圖說簡報
．第四堂：多媒體互動式簡報
請點選左邊課程選單，開始學習！",劉文琇 老師,177,上架,2018/12/6,2030/12/30,無,初級,0,0,0,0
資訊科技學院,二、哈燒職場進修系列,10001279,簡報必備技能,"歡迎進入本課程，您可依照學習流程，循序漸進
地完成學習！
．第一堂：簡報的基本操作
．第二堂：簡報的動畫運用
請點選左邊課程選單，開始學習！",蘇世榮 老師,126,上架,2018/12/6,2030/12/30,無,初級,0,0,0,0
資訊科技學院,三、美工繪圖系列,10000794,創意美術設計-視覺符號與名片設計篇,"歡迎各位同學觀看「創意美術設計-視覺符號與名片設計篇」，本課程將介紹視覺符號與標誌之間的關係，透過事務用品的組合介紹，讓您進一步瞭解標誌的製作概念。接著說明名片設計與文字組合，帶領讀者了解名片設計的要領。最後借用Illustrator強大的配色功能，介紹配色技巧。
",王淦漳,60,上架,2010/8/20,2030/12/31,課後,高級,53,10915,89,33
資訊科技學院,三、美工繪圖系列,10000795,創意美術設計-廣告稿與封面設計篇,"第一堂：廣告稿合成與實作
第二堂：遮色片合成技巧
第三堂：封面與雜誌稿設計",潘士銘,60,上架,2010/8/20,2030/12/31,課後,高級,51,16711,95,40
資訊科技學院,三、美工繪圖系列,10000833,創意美術設計-Layout排版整合設計篇,"第一堂：Photoshop 特效整合運用
第二堂：認識版面配置與編排
第三堂：Illustrator插畫應用
",資訊科技學院教師,60,上架,2011/6/30,2030/12/31,課後,高級,74,12393,109,42
資訊科技學院,三、美工繪圖系列,10000834,創意美術設計-點線面與基本設計篇,"第一堂：路徑與線條
第二堂：點構成
第三堂：線構成
第四堂：面構成
",資訊科技學院教師,60,上架,2011/6/30,2030/12/31,課後,高級,39,12210,73,36
資訊科技學院,三、美工繪圖系列,10000835,創意美術設計-影像合成技巧篇,"第一堂：輕鬆學排版
第二堂：排版與表格
第三堂：短篇報導與影像",資訊科技學院教師,60,上架,2011/6/30,2030/12/31,課後,高級,72,18424,102,44
資訊科技學院,三、美工繪圖系列,10000836,創意美術設計-InDesign版面排版技巧篇,"第一堂：輕鬆學排版
第二堂：排版與表格
第三堂：短篇報導與影像",資訊科技學院教師,60,上架,2011/6/30,2030/12/31,課後,高級,57,13777,89,30
資訊科技學院,三、美工繪圖系列,10001211,跨界創意視覺設計之一：設計素描與基礎設計,"．第一堂：設計素描
．第二堂：基礎設計",陳巧筠,117,上架,2018/3/1,2019/2/28,無,初級,233,1389,247,68
資訊科技學院,三、美工繪圖系列,10001212,跨界創意視覺設計之二：設計企劃實務,"．第一堂：Rumi Caf?設計企劃
．第二堂：Logo設計製作
．第三堂：圓形吊掛式小招牌設計製作
．第四堂：橫幅招牌設計製作",鄭裴恩,170,上架,2018/3/1,2019/2/28,無,初級,95,898,111,46
資訊科技學院,三、美工繪圖系列,10001213,跨界創意視覺設計之三：企業識別系統周邊產品設計應用,"．第一堂：提袋設計製作
．第二堂：外帶杯設計製作
．第三堂：紙盒設計製作
．第四堂：MENU設計製作
．第四堂：MENU手工小書設計製作",鄭裴恩,236,上架,2018/3/1,2019/2/28,無,初級,84,811,103,49
資訊科技學院,三、美工繪圖系列,10001214,跨界創意視覺設計之四：吉祥物設計與應用,"．第一堂：吉祥物設計與製作
．第二堂：名片設計與製作
．第三堂：使用InDesign製作名片",鄭裴恩,212,上架,2018/3/1,2019/2/28,無,初級,69,835,87,42
資訊科技學院,三、美工繪圖系列,10001215,跨界創意視覺設計之五：攝影構圖、海報設計與印刷實務,"．第一堂：攝影構圖的法則與應用
．第二堂：海報製作
．第三堂：印刷與拼版",孫鳴遠,164,上架,2018/3/1,2019/2/28,無,初級,141,1098,145,34
資訊科技學院,三、美工繪圖系列,10001230,3D列印實作工坊,3D列印實作工坊,楊翔仁,71,上架,2018/4/1,2030/12/31,無,初級,132,881,167,80
資訊科技學院,三、美工繪圖系列,10001231,桌面型3D印表機簡介及3D列印產業現況與展望,桌面型3D印表機簡介及3D列印產業現況與展望,楊翔仁,50,上架,2018/4/1,2030/12/31,無,初級,127,913,156,86
資訊科技學院,四、多媒體及程式設計系列,10000479,網路管理與系統維修,,黃河凱,60,上架,2008/1/1,2030/12/31,無,高級,62,9457,72,30
資訊科技學院,四、多媒體及程式設計系列,10000549,Apache 網站伺服器架設,"Apache網頁伺服器介紹
個人網頁空間設定",黃家培,60,上架,2008/6/23,2030/12/31,課後,高級,15,8994,41,15
資訊科技學院,四、多媒體及程式設計系列,10000550,FedoraLinux系統操作實務,"由於Linux越來越熱門，也越來越多人開始使用Linux，在眾多Linux中，如何挑選一套適合初學者使用，又能快速上手的作業系統，FedoraLinux可以滿足你所有的需求，本課程協助使用者規劃所有轉換上的需求，讓使用者也可以於短時間內，輕鬆上手，並且可以做出屬於你的FedoraLinux。
",鄭啟宏,60,上架,2008/6/23,2030/12/31,課後,高級,11,7420,51,18
資訊科技學院,四、多媒體及程式設計系列,10000845,Android手機系統與應用程式開發：市場與開發環境建置,"第一堂：拓展Android市場的Java應用
第二堂：安裝Android SDK開發環境
",資訊科技學院教師,100,上架,2011/9/30,2030/12/31,課後,高級,25,10122,43,20
資訊科技學院,四、多媒體及程式設計系列,10000847,基本網路架設與雲端技術介紹,"．了解架設網路需要哪些設備
．可以架設家庭網路
．可以判斷網路連線問題
．了解何謂雲端技術
",資訊科技學院教師,60,上架,2011/10/30,2030/12/31,課後,中級,41,9265,86,33
資訊科技學院,四、多媒體及程式設計系列,10000876,Silverlight入門介紹,"‧ Windows Phone基本程式設計概念
‧ 新一代XAML操作介面描述語法",董大偉,59,上架,2013/9/1,2030/12/31,課後,中級,8,3421,19,8
資訊科技學院,四、多媒體及程式設計系列,10000885,iOS 應用程式入門介紹(上),第一堂：iOS介紹,林柏全,45,上架,2013/11/30,2030/12/31,無,中級,29,5826,45,17
資訊科技學院,四、多媒體及程式設計系列,10000886,iOS 應用程式入門介紹(下),第一堂：開發工具,林柏全,71,上架,2013/11/30,2030/12/31,無,中級,9,2881,27,10
資訊科技學院,四、多媒體及程式設計系列,10000949,電子書編輯器Sigil,Sigil 是個免費的開放原始碼EPUB電子書製作編輯器，可以協助使用者像撰寫一個word檔案一樣，製作出EPUB格式的電子書並且可以切換多種編輯模式，甚至可以直接編寫程式碼檔案進行更進一步的設定。Sigil具有後設資料(metadata)及多階層形式的TOC目錄編輯器。也可以直接匯入現有TXT、HTML、EPUB檔案作修改編輯。本課程的內容由淺入深，以實際的範例為大家說明電子書製作及編輯的方式，透過簡單的案例來瞭解電子書的運用，以及要如何透過閱\讀器來瀏覽編輯完成的電腦，另外還可透過CSS來美化電子書內容。,國家發展委員會,22,上架,2014/12/18,2030/12/31,無,高級,46,4739,53,28
資訊科技學院,四、多媒體及程式設計系列,10001196,Android APP應用程式開發之一：Android起源、系統架構與開發環境介紹,"．第一堂：Android起源
．第二堂：Android系統架構與開發環境
．第三堂：Android開發平台應用",呂紹榮,125,上架,2018/1/2,2018/12/30,無,初級,231,1688,268,85
資訊科技學院,四、多媒體及程式設計系列,10001197,Android APP應用程式開發之二：Activity與Intent介紹與使用,"．第一堂：Activity介紹
．第二堂：Intent意圖介紹使用",呂紹榮,224,上架,2018/1/2,2018/12/30,無,初級,60,893,105,56
資訊科技學院,四、多媒體及程式設計系列,10001198,Android APP應用程式開發之三：裝置介面設計,"．第一堂：Android 5 Material Design裝置界面
　　　　　設計概論
．第二堂：表單顯示組件與TextView / Button
　　　　　 / Spinner",呂紹榮,223,上架,2018/1/2,2018/12/30,無,初級,43,850,82,37
資訊科技學院,四、多媒體及程式設計系列,10001199,Android APP應用程式開發之四：畫面控制項與對話方塊設計,"．第一堂：Android輸入框組件、多媒體組件與
　　　　　翻頁特效的使用
．第二堂：Android對話框的各種使用",呂紹榮,228,上架,2018/1/2,2018/12/30,無,初級,37,787,75,36
資訊科技學院,四、多媒體及程式設計系列,10001200,Android APP應用程式開發之五：畫面佈局與Menu使用,"．第一堂：Android 5 Layout畫面佈局
．第二堂：Menu與Action Bar操作",呂紹榮,145,上架,2018/1/2,2018/12/30,無,初級,25,695,62,33
資訊科技學院,四、多媒體及程式設計系列,10001201,SketchUp超簡單室內設計速繪之一：SketchUp職能技巧,"．第一堂：介面應用技巧
．第二堂：系統櫃製作教學
．第三堂：現地丈量與圖面繪製
．第四堂：多樣化家具建立",滕金紘,134,上架,2018/1/2,2018/12/30,無,初級,125,1444,160,52
資訊科技學院,四、多媒體及程式設計系列,10001203,SketchUp超簡單室內設計速繪之二：實際專案建置,"．第一堂：實際案例專案製作
．第二堂：風格化裝潢設計
．第三堂：櫃體與天花板設計
．第四堂：材質應用技法
．第五堂：專案材質建立",滕金紘,105,上架,2018/1/2,2030/12/31,無,初級,49,808,83,33
資訊科技學院,四、多媒體及程式設計系列,10001204,SketchUp超簡單室內設計速繪之三：外掛與整合應用技巧,"．第一堂：動畫應用技巧
．第二堂：外掛插件應用技法
．第三堂：輸出與出圖技巧
．第四堂：Vray材質與光影技法",滕金紘,68,上架,2018/1/2,2018/12/30,無,初級,25,714,66,27
資訊科技學院,五、自由軟體系列,10000527,用Audacity玩我的音樂,"歡迎進入「用Audacity玩我的音樂」課程！在這個課程中除了介紹有關音樂的剪輯功能，也介紹如何設計混音、接合等的各項音效製作等，相信會讓您可以更有效率的製作出個性化的音效檔案。
",多媒體應用志工講師,60,上架,2009/7/16,2030/12/31,課後,高級,26,8207,33,16
資訊科技學院,五、自由軟體系列,10000528,Dia輕鬆畫流程圖,"歡迎各位進入DIA製圖專家一把罩課程！ DIA是一套免費的辦公室文書軟體，與微軟的視窗軟體Visio十分相似。DIA可以被用來繪製不同種類的流程圖。另外支援了UML靜態結構流程圖和網路流程圖。同時，DIA內建了一些常用的圖示，如網路架構及流程圖等！所擁有的設計功能真的
",多媒體應用志工講師,60,上架,2009/7/16,2030/12/31,課後,高級,19,11740,36,14
資訊科技學院,五、自由軟體系列,10000530,FreeMind心智圖輕鬆學,"一、軟體介紹
二、節點操作
三、檔案管理
四、格式編輯
五、新增物件
",陳明裕,60,上架,2009/7/16,2030/12/31,課後,中級,39,13539,67,27
資訊科技學院,五、自由軟體系列,10000533,Ubuntu桌面應用初探,"一、安裝Ubuntu Linux Step by Step
二、Ubuntu Linux 套件安裝與管理
三、Ubuntu Linux 桌面應用軟體使用介紹
四、環境管理介紹
",黃俊宏,60,上架,2009/11/9,2030/12/31,課後,中級,29,6050,44,16
資訊科技學院,五、自由軟體系列,10000535,Gimp彩繪生活一把罩,"一、彩繪製圖進階篇
二、彩繪生活範例篇
",多媒體應用志工講師,60,上架,2009/11/9,2030/12/31,課後,中級,17,4695,32,13
資訊科技學院,五、自由軟體系列,10000577,OpenOffice Base 完全上手,"當我們要分析處理的資料量較龐大時，應用資料庫工具來管理與維護資料庫，是最佳的選擇。在自由軟體OpenOffice.org 2.1中的Base，就是一個功能完整的資料庫工具。一般人在第一次學習資料庫軟體時，對於如何規劃資料庫，以及資料庫正規化理論應用，大多一知半解，所以本課程加強了資料庫系統建置的觀念說明。課程中以「理財管理資料庫系統」為例，以案例導向、循序漸進來介紹OOo Base資料庫功能
",張大明,60,上架,2008/6/23,2030/12/31,課後,中級,72,7391,62,24
資訊科技學院,五、自由軟體系列,10000851,Joomla網站架設實務演練(上),"‧學會建置出練習與測試用的Joomla!網站平台。
‧瞭解平台的架構與設計概念。
‧瞭解網站運作的重要基本設定。
‧學會內容網站的單元、分類，以及實際內容的建立和發佈方式。
‧學會「首頁」的適當的調整和設定。
‧學會內建在系統內的功\能套件, 例如投票、RSS功\能等等。
‧學會如何新增網站的佈景外觀。
‧學會將影音快速的嵌入在網頁中。
‧學會電子報行銷的功\能擴充與使用。",資訊科技學院教師,60,上架,2011/10/30,2030/12/31,課後,高級,32,5936,47,20
資訊科技學院,五、自由軟體系列,10000853,Joomla網站架設實務演練(下),"‧學會建置出練習與測試用的Joomla!網站平台。
‧瞭解平台的架構與設計概念。
‧瞭解網站運作的重要基本設定。
‧學會內容網站的單元、分類，以及實際內容的建立和發佈方式。
‧學會「首頁」的適當的調整和設定。
‧學會內建在系統內的功\能套件, 例如投票、RSS功\能等等。
‧學會如何新增網站的佈景外觀。
‧學會將影音快速的嵌入在網頁中。
‧學會電子報行銷的功\能擴充與使用。",資訊科技學院教師,60,上架,2011/10/30,2030/12/31,課後,高級,14,5022,28,15
資訊科技學院,五、自由軟體系列,10000872,Moodle數位學習平台管理與應用入門(上),"第一堂：Moodle 簡介
第二堂：教材設計",資訊科技學院教師,60,上架,2012/6/30,2030/12/31,課後,高級,43,4172,58,21
資訊科技學院,六、工業繪圖系列,10000481,AutoCAD 2008 平面繪圖工程師（上）,"AutoCAD是一套廣泛用於所有工程圖面的軟體，舉凡建築、機械、結構、室內設計、機電配線等都可以運用它來完成。AutoCAD 2008是AutoCAD目前最新的版本，同時也新增了許多實用的新功能，我們將會在課程中陸續為同學介紹。 \r\n在這個平面製圖的初階課程中，首先帶各位來了解AutoCAD的使用環境以及如何觀測圖面與繪製圖形。我們分成以下幾個章節來講解：2D的基本環境、座標系統的認識、基本的繪圖指令、修改指令應用等章節，當學習完這一階段的課程後，各位同學可以輕鬆的繪製出平面的幾何圖形。
",林文偉,60,上架,2009/5/1,2030/12/31,課後,高級,47,58614,73,32
資訊科技學院,六、工業繪圖系列,10000482,AutoCAD 2008 平面繪圖工程師（中）,"AutoCAD是一套廣泛用於所有工程圖面的軟體，舉凡建築，機械，結構，室內設計，機電配線等，都可以運用它來完成，AUTOCAD 2008是AUTOCAD目前最新的版本。同時也新增了許多實用的功能，我們將會在課程中陸續為同學介紹。 \r\n在這個平面製圖的中階課程中，陸續為各位同學介紹各類查詢指令，文字輸入的應用，尺寸標註設定，剖視圖的觀念及剖面線的用法，再來講到圖層的管理。我們在最後也會帶同學做一個標準圖框，讓圖面變得更完整。
",林文偉,60,上架,2009/5/1,2030/12/31,課後,高級,15,22170,40,21
資訊科技學院,六、工業繪圖系列,10000483,AutoCAD 2008 平面繪圖工程師（下）,"AutoCAD 2D廣泛應用在機械製造以及土木建築、機電整合相關行業中，舉凡各類平面圖形不論是組合圖,施工圖,示意圖等。 \r\n在高階課程中，先分別說明圖塊的應用，表格設定及資料的應用，設計中心及外部參考，配置與出圖，再來講到圖面的發佈及圖紙集的使用。這是最後有關圖形管理工具的課程。
",林文偉,60,上架,2009/5/1,2030/12/31,課後,高級,14,18247,41,15
資訊科技學院,六、工業繪圖系列,10000875,AutoCAD 2012 2D入門：操作介面與基本功能,"‧ 應用填充線與漸層填入
‧ 應用圖塊與外部參考
‧ 繪製各種弧線
‧ 建立具有加強屬性的圖框圖塊
‧ 設定不同的出圖方式
",黃,65,上架,2013/9/14,2030/12/31,課後,中級,37,10674,67,30
資訊科技學院,六、工業繪圖系列,10000887,Revit 建築設計：基礎應用 (上),"。第一堂：Revit簡介與介面應用
。第二堂：基礎建模技巧 ",滕金紘,74,上架,2013/11/30,2030/12/31,無,高級,22,5933,30,11
資訊科技學院,六、工業繪圖系列,10000888,Revit 建築設計：基礎應用 (下),"。第一堂：建模複習與應用
。第二堂：檔案管理與顯示功\能
",滕金紘,49,上架,2013/11/30,2030/12/31,無,高級,11,2908,17,6
資訊科技學院,六、工業繪圖系列,10001205,AutoCAD 2016基礎入門之一：基礎操作,"．第一堂：AutoCAD下載、安裝與環境規劃
．第二堂：AutoCAD基礎指令操作",陳東堯,144,上架,2018/2/1,2019/1/31,無,初級,391,2881,458,132
資訊科技學院,六、工業繪圖系列,10001206,AutoCAD 2016基礎入門之二：座標、輔助繪圖與修改指令,"．第一堂：基礎繪圖—座標
．第二堂：AutoCAD輔助繪圖
．第三堂：AutoCAD修改指令（一）",陳東堯,152,上架,2018/2/1,2019/1/31,無,初級,109,1483,164,88
資訊科技學院,六、工業繪圖系列,10001207,AutoCAD 2016基礎入門之三：繪圖指令與修改指令,"．第一堂：AutoCAD繪圖指令
．第二堂：AutoCAD修改指令（二）",陳東堯,143,上架,2018/2/1,2019/1/31,無,初級,72,1287,124,63
資訊科技學院,六、工業繪圖系列,10001208,AutoCAD 2016基礎入門之四：修改指令,"．第一堂：AutoCAD修改指令（三）
．第二堂：AutoCAD指令表
．第三堂：AutoCAD常用系統變數",陳東堯,166,上架,2018/2/1,2019/1/31,無,初級,64,948,103,52
資訊科技學院,六、工業繪圖系列,10001209,AutoCAD 2016基礎入門之五：精選練習範例,"．第一堂：精選練習範例（一）
．第二堂：精選練習範例（二）",陳東堯,146,上架,2018/2/1,2019/1/31,無,初級,68,864,107,47
資訊科技學院,六、工業繪圖系列,10001210,AutoCAD 2016基礎入門之六：整合應用練習,"．第一堂：參數式應用
．第二堂：描圖應用
．第三堂：零件圖範例
．第四堂：樓梯平面圖範例",陳東堯,121,上架,2018/2/1,2019/1/31,無,初級,63,822,111,46
資訊科技學院,七、企業e化經營系列,10000123,企業資訊化執行實務,"一、企業資訊化之決策架構與流程
二、企業內部資訊化現況分析
三、企業資訊化可行性及可運用資源評估
四、企業資訊化導入執行方式
五、企業資訊化可能遭遇之困難點及解決方案
",汪俊良,60,上架,2006/7/31,2030/12/31,課後,中級,49,3308,60,19
資訊科技學院,七、企業e化經營系列,10000127,網路電話在中小企業的應用,"第一章 進入網路電話世界
第二章 網路電話的技術及運作架構
第三章 網路電話的加值應用服務
第四章 中小企業網路電話建置規劃
第五章 網路電話的展望
",旭聯科技,60,上架,2006/7/31,2030/12/31,無,中級,23,3585,32,10
資訊科技學院,七、企業e化經營系列,10000160,用電腦、做管理(一) e化環境的建立,"一、電腦！是這樣在使用的嗎？
二、你知道嗎？
三、課程緣起
四、經典企業社的問題
五、正確的資訊環境應該是這樣
六、如何做得到？
",劉士豪,60,上架,2006/7/31,2030/12/31,無,中級,123,6280,85,20
資訊科技學院,七、企業e化經營系列,10000310,如何利用網路科技創造中小企業的競爭優勢上,"一、網路使用經驗分享
二、何謂VPN?
三、什麼類型的企業需要VPN?
",傅志忠,60,上架,2007/12/1,2030/12/31,無,高級,29,5666,41,15
資訊科技學院,七、企業e化經營系列,10000311,如何利用網路科技創造中小企業的競爭優勢下,"一、VPN在跨區經營的企業中所扮演的角色
二、Web的功\用
三、網路電話與視訊會議
四、網路讓眾生平等
五、Blog與Web2.0
",傅志忠,60,上架,2007/12/1,2030/12/31,無,高級,13,4769,26,10
資訊科技學院,七、企業e化經營系列,10000472,中小企業企業流程再造,,張育仁,60,上架,2009/1/1,2030/12/31,無,中級,28,3994,37,17
資訊科技學院,七、企業e化經營系列,10000478,中小企業ERP系統評估、選擇、導入,,張育仁,60,上架,2009/1/1,2030/12/31,無,中級,34,6812,58,36
資訊科技學院,七、企業e化經營系列,10000669,快速掌握營運關鍵資訊之BI導入成功案例,"壹、前言
(一)智慧財產權聲明
(二)簡介
(三)課程目標
(四)建議學習的職能別
(五)課程大綱
貳、案例公司的產業及產品說明
(一)案例公司的產業及產品說明
(二)產業特性及競爭環境
參、導入動機緣起
(一)原有的資訊系統應用瓶頸
(二)案例公司所面臨的資訊挑戰
肆、BI商業智慧系統的導入歷程
(一)需求分析的程序與重點
(二)關鍵成功因素
伍、e化整合架構
(一)資料整合
(二)系統整合
陸、導入商業智慧為企業所帶來的效益
(一)導入商業智慧系統後的改變
(二)對總經理的效益
(三)對營運主管的效益
(四)對資訊部門的效益
柒、結語
捌、課後學習評量
",鼎新電腦,60,上架,2009/6/15,2030/12/31,無,中級,15,4533,22,5
資訊科技學院,七、企業e化經營系列,10000906,運用跨國際平台 創造品牌知名度(上),跨國際平台運用得當即可獲得更大市場、更好價格及更高的經濟效益。後臺數據分析加上精選關鍵字，提高產品曝光率，創造品牌知名度!分享如何善用跨國際平台，推廣自有品牌到全球市場。,林友程,105,上架,2014/5/30,2030/12/31,無,高級,72,4441,73,41
資訊科技學院,七、企業e化經營系列,10000909,ebay平台與科技的應用,各產業在ebay跨國平台的行銷方式及平台應用技巧，以及各國ebay需注意事項。,郭信宏,60,上架,2014/5/27,2030/12/31,無,中級,10,1801,20,5
資訊科技學院,七、企業e化經營系列,10000910,透視ebay市場分析工具 運用最佳平台功能技巧,成功利用ebay跨國平台的市場分析工具優化網銷策略，並且分享ebay最佳化刊登流程的要領。,王文亮,60,上架,2014/5/28,2030/12/31,無,中級,20,2550,29,11
資訊科技學院,七、企業e化經營系列,10000912,中小企業e化亮點案例分享(上),"1.  系統自我檢測
2.  新手上路
3.  課程首頁
4.  寬頻
5.  桃城食在好味道(01:50)
6.  一、執行成果說明(07:35)
7.  二、網路行銷活動(01:31)
8.  愛健康高雄美食網(02:55)
9.  一、火星糖的改變(03:14)
10.  二、拓展行銷(06:21)
11.  E-learning 到 WE-learning(01:31)
12.  一、公司簡介(10:12)
13.  二、行銷活動(02:45)
14.  三、組織學習打造人才戰力(05:35)
15.  數位學習組織精進(05:20)
16.  一、推動策略措施(04:56)
17.  二、學習成果與感想(01:32)",沈稚遊、周秀林、蘇淑雲、林鉦皓,60,上架,2014/5/27,2030/12/31,無,中級,43,2693,41,21
資訊科技學院,七、企業e化經營系列,10000915,運用跨國際平台 創造品牌知名度(中),跨國際平台運用得當即可獲得更大市場、更好價格及更高的經濟效益。後臺數據分析加上精選關鍵字，提高產品曝光率，創造品牌知名度!分享如何善用跨國際平台，推廣自有品牌到全球市場。,林友程,100,上架,2014/5/30,2030/12/31,無,中級,58,3686,56,35
資訊科技學院,七、企業e化經營系列,10000916,運用跨國際平台 創造品牌知名度(下),跨國際平台運用得當即可獲得更大市場、更好價格及更高的經濟效益。後台數據分析加上精選關鍵字，提高產品曝光率，創造品牌知名度！林有程老師以自身寶貴經驗，分享如何善用跨國際平台，推廣自有品牌到全球市場。,林友程,70,上架,2014/5/30,2030/12/31,無,中級,40,2842,36,24
資訊科技學院,七、企業e化經營系列,10001014,淺談落實服務業科技化與國際化,"● 前言
● 商業模式主導趨勢轉移
● 迎接智慧指引時代來臨
● 結語
",李智 顧問,60,上架,2015/9/2,2030/12/31,無,高級,84,6606,95,45
資訊科技學院,七、企業e化經營系列,10001128,網站分析GA實戰班-認識網站分析,網站分析GA實戰班#1-認識網站分析，從流量來源、網站分析概論與GA安裝與設定切入，快速上手工具介面，傳授重要功能的運用與必備的分析方法，搭配實戰演練與重要輔助工具，讓數據成為價值，找出轉換決策的關鍵因素！,吳天元顧問,95,上架,2017/5/22,2019/12/31,無,初級,148,4135,187,128
資訊科技學院,八、雲端趨勢應用系列,10000935,善用雲端服務讓您輕鬆獲得高績效！,"壹、	淺談雲端服務
貳、	雲端服務的架構
參、	雲端服務的佈署
肆、	企業該如何佈署雲端服務
伍、	案例研討：企業郵件代管服務
",張弘達,74,上架,2014/11/21,2030/12/31,課後,高級,84,6413,107,47
資訊科技學院,八、雲端趨勢應用系列,10001013,大數據發展現況與未來發展趨勢,"●前言
●什麼是大數據
●國際大數據熱潮
●大數據的特徵
●社會網路分析及語意分析
●大數據毒品分析簡例
●政府擁抱大資料
●資料科學的現況
●資料產業
●結語
",謝邦昌,60,上架,2015/9/2,2030/12/31,無,高級,986,16827,915,459
資訊科技學院,八、雲端趨勢應用系列,10001015,雲端、大數據、物聯網之整合應用,"一、雲端、大數據、物聯網及創意
你可以到處搜尋到Cloud、big data、IOT，搜得越多可能有人越不瞭解雲、大、物是做甚麼。本節以簡單、淺顯易懂的方式介紹雲端、大數據、物聯網及創意，讓學員對雲、大、物之應用有初步了解。
二、雲、大、物改變了什麼
雲、大、物只是名稱的改變還是實質的改變，本節將直接點出雲、大、物對這世界所帶來巨大的改變。
三、雲、大、物整合應用實務探討
本節將以實務探討了方式，一步步引導大家如何應用雲、大、物所帶來之改變及應用：
1.商業整合應用實務探討
2.製造業整合應用實務探討
3.生活整合應用實務探討
四、結論：你願意提供個資嗎?
雲、大、物的廣泛應用，將衝擊著資料的保護與侵犯，最後盡可能也讓大家稍微了解雲、大、物之個資法、著作權、營業機密、及隱私權相關問題。
",白光華,60,上架,2015/10/26,2030/12/31,課後,中級,1832,36506,1674,953
資訊科技學院,八、雲端趨勢應用系列,10001016,綠色產品商機：食安風暴下的食品溯源雲端服務,"1. 企業社會責任與綠色產品
本章節介紹企業對於友善地球的環境責任並解釋何謂綠色產品。
2. 產品溯源管理制度及系統
(1)產品溯源管理制度
本章節透過實務說明帶領學員了解源頭管理的定義、運用範疇及與追蹤管理的差異比較。
(2)產品溯源管理系統
本章節通過利用信息管理技術將產品的相關固定和流動信息進行記錄和保存，確保通過該系統能最終追查到某產品的來源質量和周邊管理的記錄。
3. 產品溯源管理系統在物聯網及BIG DATA技術的應用
4. 案例：茶葉溯源雲端系統
本章節透過茶葉溯源雲端系統實例帶領學員了解國產精品茶如何透過溯源管理系統並結合物聯網及BIG DATA技術來確保國產精品茶的來源提升產品價值。
5. 結論：企業永續經營的生態系統
",毛穎崙,70,上架,2015/10/26,2030/12/31,課後,中級,36,7054,54,32
資訊科技學院,八、雲端趨勢應用系列,10001017,金融科技FINTECH的發展趨勢及中小企業,"1. 傳統銀行業的發展困境
透過周刊報導、微軟總裁 Bill Gates之名言與傳統 銀行業特性等三方面，探討困境發展情形。
2. 網路科技時代的發展看金融創新
描述何謂網路的最佳定義，並敘述 「金融」在人類社會發展歷程的演化，以及越趨白熱化的專利戰爭，讓學員培養出新興產業商機 的敏銳度 。
3. 工業經濟與網路經濟之行為邏輯 差異
該章節透過說明兩種經濟行為的特性，了解其關係 與邏輯內涵。
4. 互聯網 和行動 互聯 網的比較
說明 兩者間的差異性與其本質概念 。
5. 水平連結生產 和《台灣資金交易所》的連結
介紹 《台灣資金交易 所》網站 平台 ，將傳統 標會 藉由網路效率 化後，透過標會的特性達 到分散風險，存款與貸款 一體， 人人都可成為銀行家。
6. 法律遵循
概述 與資金借貸行為相關之不同法令 。",喬美國際 簡永松董事長,60,上架,2016/12/20,2030/12/31,無,初級,288,5819,255,128
資訊科技學院,八、雲端趨勢應用系列,10001018,整合互聯網流量分析 以Google Analytics 為例,"1. 網站分析的基礎知識
網站分析是什麼？如何理解網站分析的定義？網路分析前必要的知識養成，ROI，KPI，PDCA方法。
2. 如何分析網路廣告在網站上的效益
學習網路廣告技巧，Google Adwowd系統架構，從廣告製作設計，刊登與從個人化廣告，目標客戶比對，搜尋廣告再行銷名單等角度進行效益評估。
3. 用戶移動應用分析
掌握如何安裝設定行動分析碼，建立用戶目標關聯，報告解讀分析，定期查看效果?据，更有效了解廣告系列的各??成部分以及它?對自己帳號如何取得整體成功\的影響因素。通過更多報告，深入了解您的??，?助您改善?告效果
4. 用戶與網站、網頁的互動分析
5.「代碼管理工具」介面介紹
",堂朝數位整合（股）公司 簡子竣 執行長,105,上架,2016/12/31,2030/12/31,無,初級,119,2639,153,47
資訊科技學院,九、資訊安全能力系列,10000828,電子商務適用之資安管理標準說明,"一、電子商務安全
二、資訊安全管理制度概念
三、資訊安全管理相關規範與標準
四、建置資訊安全管理制度的步驟-ISO/IEC27001
五、結論",陳怡良,60,上架,2011/1/31,2030/12/31,無,高級,150,6114,97,53
資訊科技學院,九、資訊安全能力系列,10000829,電子商務資訊流程與風險剖繪,"一、電子商務構成體系
二、電子商務風險與威脅
三、電子商務安全防護
四、資安事件應變處理程序
五、結論",李彥震,60,上架,2011/1/31,2030/12/31,無,高級,25,7742,30,10
資訊科技學院,九、資訊安全能力系列,10000830,電子商務客戶資料管理方法,"一、法制最新發展
二、個人資料保護法適用分析
三、企業因應策略
四、結論",李彥震,60,上架,2011/1/31,2030/12/31,無,高級,245,9564,262,211
資訊科技學院,九、資訊安全能力系列,10000831,電子商務資安技術實務,"一、電子商務最新資安問題與威脅概述
二、WWEB2.0安全威脅
三、駭客入侵步驟系統篇
四、網站漏洞與安全問題
五、偵測與防護",吳肯尼,60,上架,2011/1/31,2030/12/31,無,高級,214,6643,162,85
資訊科技學院,九、資訊安全能力系列,10001129,勒索軟體資通安全認知,"勒索軟體(Ransomware) 是一種特殊的惡意軟體，會讓你失去個人系統或資料的控制，而且如果不付錢給攻擊者就再也無法取回控制權，讓你被迫去支付贖金。這也就是它被稱為「勒索軟體」的原因。
網路購物詐騙行為最常發生在透過私下交易，也就是買家和賣家自行聯繫，完成交易，而沒有在平台上留下交易紀錄，由於沒有透過拍賣平台交易，一旦發詐騙行為，買家經常求償無門。",張德維組長,30,上架,2017/5/26,2030/12/31,無,初級,419,4500,454,346
資訊科技學院,九、資訊安全能力系列,10001133,資安案例分享_e-mail社交工程及防護,本課程將從全世界都在面臨的使用者端攻擊案例開始，讓學習者清楚瞭解「個人」在進行業務工作的時候，可能面臨組織性駭客的威脅。並說明如何分辨惡意電子郵件的運作方式以及注意要點，讓學習者瞭解只有從一開始就保護好重要資料才有可能預防資料的外洩。,行政院資通安全處,60,上架,2017/6/13,2030/12/31,無,初級,340,5882,294,150
資訊科技學院,九、資訊安全能力系列,10001134,資安管理-個人篇,"許多資安事件往往是由於一般使用者疏忽所造成，學完本課程後,您將能夠：瞭解資訊安全基本概念、並正視資訊安全重要性。認識資訊潛在的威脅，並熟悉資訊安全10大好習慣，落實在生活中。",行政院資通安全處,60,上架,2017/6/13,2030/12/31,無,初級,1239,11658,1419,975
資訊科技學院,九、資訊安全能力系列,10001135,資安管理-主管篇,本課程分為四章，第一章介紹資安的重要性與資安究竟對於組織造成什麼樣的威脅，第二章則介紹組織應當保護的資產以及各種資訊資產所受到的威脅，第三章則從風險管理的角度切入主管在其中應扮演之角色與職責，第四章則提出資安關鍵成功因素給各組織高階主管參考學習。,行政院資通安全處,60,上架,2017/6/13,2030/12/31,無,初級,609,5854,545,241
資訊科技學院,九、資訊安全能力系列,10001136,個人資料保護_管理篇,本課程總目標為讓公務人員瞭解政府機關個資保護管理建置流程，並針對其P-D-C-A四個主要階段說明個資管理工作的執行要項，期望透過本課程能協助學員更加瞭解個資保護管理的具體作法,行政院資通安全處,60,上架,2017/6/13,2030/12/31,無,初級,224,4420,198,115
資訊科技學院,九、資訊安全能力系列,10001137,網路安全概論,"面對網路使用上的安全威脅，該如何防治呢？學完本課程後,您將能夠：瞭解一般網路安全架構環境；知道網路可能面臨的資安威脅有那些；對攻擊的手法、防預措施有所瞭解；及瞭解無線網路的安全性。",行政院資通安全處,60,上架,2017/6/13,2030/12/31,無,初級,231,4729,185,103
資訊科技學院,九、資訊安全能力系列,10001138,防火牆部署與管理,介紹防火牆安全主要原則、網路安全區域的劃分、各種防火牆架構的部署、防火牆管理程序以及介紹防火牆採購的注意事項。,行政院資通安全處,60,上架,2017/6/13,2030/12/31,無,初級,147,2006,106,57
資訊科技學院,九、資訊安全能力系列,10001139,行動設備安全,本課程總目標為讓公務人員瞭解行動設備安全的基本概念、使用兩大行動作業系統iOS與Android的風險議題，以及行動設備威脅的防護概念與措施，期能建立學習者對於「行動設備安全」的基礎認知與安全使用習慣,行政院資通安全處,60,上架,2017/6/13,2030/12/31,無,初級,242,3490,215,126
資訊科技學院,九、資訊安全能力系列,10001140,APT目標攻擊因應之道,"說明APT攻擊的定義與概念
列舉常見的APT攻擊手法
運用適當的APT攻擊因應之法",行政院資通安全處,60,上架,2017/7/10,2030/12/31,無,初級,162,3038,102,52
資訊科技學院,九、資訊安全能力系列,10001141,涉外人員資通安全作業實務,本課程將帶領學習者瞭解95年7月31日公布的「各機關駐外人員資通安全作業規定」之重要性，並瞭解其目的與範圍；學員亦對「各機關駐外人員資通安全作業規定」的詳細內容有所認識，同時瞭解執行的方法，從而使學習者能遵循並應用相關作業規定。,行政院資通安全處,60,上架,2017/7/10,2030/12/31,無,初級,154,3253,97,42
資訊科技學院,九、資訊安全能力系列,10001142,惡意軟體介紹與防治,課程共分四章，第一章針對不同類型的惡意軟體做一概刮性的介紹，第二章分析惡意軟體之攻擊模式，第三章介紹惡意軟體如何預防與處理。,行政院資通安全處,60,上架,2017/7/10,2030/12/31,無,初級,832,6707,955,739
資訊科技學院,九、資訊安全能力系列,10001143,網路攻擊技術分析,本課程介紹常見的網路攻擊方法、類型及攻擊流程，並提出各攻擊方法的因應對策。,行政院資通安全處,60,上架,2017/7/10,2030/12/31,無,初級,183,2207,159,65
資訊科技學院,九、資訊安全能力系列,10001144,應用服務安全實作_Web應用程式之威脅與防護,資訊發達的時代，網站是人們重要的資訊、資料接收窗口，然而近幾年來，網站遭受攻擊的問題層出不窮，因此，了解網站攻擊的手法進而保護網站安全才能避免珍貴的資訊、資料流失或誤用。本課程將帶領學習者了解最新網站攻擊手法，進而學習設定安全的網站應用程式，讓學習者能夠利用網站弱點掃描工具來找出網站應用程式之問題。,行政院資通安全處,60,上架,2017/7/10,2030/12/31,無,初級,147,1702,103,53
資訊科技學院,九、資訊安全能力系列,10001145,資訊安全概論,,行政院資通安全處,60,上架,2017/7/10,2030/12/31,無,初級,337,5081,289,164
資訊科技學院,九、資訊安全能力系列,10001146,Windows 安全防護應用,,行政院資通安全處,60,上架,2017/7/10,2030/12/31,無,初級,280,2893,226,126
資訊科技學院,九、資訊安全能力系列,10001246,企業發生資安事件怎麼辦-台灣民間資安協助窗口TWCERTCC,"資訊安全的重要性
發生資安事件怎麼辦
TWCERT/CC資安事件協處案例
企業應如何構建一個安全可靠的作業環境
TWCERT/CC簡介",TWCERT/CC 主任  /陳永佳 博士,52,上架,2018/8/1,2030/12/31,無,初級,318,2026,325,173
資訊科技學院,十、新知分享,10001075,以行動商務帶動創新－中小企業篇,"創業三大迷失：
一、衝動的迷失~沒有妥善的計畫
二、市場的迷失~抓不到特色經營
三、營收的迷失~忽略了利潤經營
以實際個案說明破除迷失的方法與重點。",張善政,21,上架,2015/2/9,2030/12/31,無,初級,224,1539,288,146
資訊科技學院,十、新知分享,10001076,新網路時代下的O2O商機與應用,台灣經濟發展從勞工密集、資本密集演變至創新知識技術密集，講者依據台灣產業發展成就與瓶頸，帶進產業維新理念及創新技巧，中小企業奮鬥之魂，永續台灣！,黃益煌,25,上架,2015/3/2,2030/12/31,無,初級,41,581,46,18
資訊科技學院,十、新知分享,10001077,建構智慧型學習管理平台－以中小網大為例,從電子商務未來5大趨勢探討uitox，從金流、物流、倉儲到網站購物車嵌入服務等「uitox inside」服務，以全球200個城市為點，形成跨國快速到貨的服務，打造出完整的全球電子商務通路系統。,康永華,38,上架,2014/12/22,2030/12/31,無,初級,24,562,27,13
資訊科技學院,十、新知分享,10001078,翻轉吧!創新學習新浪潮,本課程將告訴您企業可如何透過有效運用中小企業網路大學校，協助企業內部進行知識管理與人才培育。,吳建政,57,上架,2014/12/15,2030/12/31,無,初級,45,580,59,16
資訊科技學院,十、新知分享,10001079,跨境電子商務的機會與挑戰,"一、網路服務者的硬體企圖
二、要亞洲還是美國
三、網路是摸索的場域
四、最大的市場",詹宏志,43,上架,2014/9/23,2030/12/31,無,初級,269,1445,156,68
資訊科技學院,十、新知分享,10001080,4G智慧行動商務－發展趨勢對談及交流,本課程特別針對國內自行車產業，結合產業公會及重要學研單位能量，提供產業專利資訊運用概念說明、多項重要自行車零組件的專利發展趨勢、智財管理重點分析等課程內容，以期提升整體競爭力。,林國豐，彭麗蓁，張仁炯,92,上架,2014/9/2,2030/12/31,無,初級,41,565,44,20
資訊科技學院,十、新知分享,10001081,矽谷最熱門的創業加速器,"同為小資世代的你我他，傳統的理財觀念，只會讓生活落入錢滾人的窮忙人生，唯有重新調整步調，才能導向用人滾錢的智富人生！
當所有人都還在期待舊有投資方式能創造錢滾錢的利潤時，唯有跳脫思維，以更宏觀的視野投資無形的自我價值與人脈關係，以人滾錢的嶄新觀念才是符合這個世代的長遠投資法。
當自己成為最有力的資產，才能贖回不被金錢給綁架的夢想人生。
",何小台,54,上架,2014/6/27,2030/12/31,無,初級,22,506,36,15
資訊科技學院,十、新知分享,10001082,【網銷創新機 再造競爭力】國際電子商務平台,"一卡皮箱賺遍世界的輝煌歲月已逐漸被取代，無國界的網路行銷，變成網住全球商機、留住世界財的最好方式。
透過國際網路行銷專家針對電子商務佈局全球探討及分析，必能超越不景氣，中小企業需備足「勇氣與耐心」利用電子商務進軍新興市場，就是提高品牌視野、再造企業競爭力的最佳工具!
",傳紀清，林惠君,22,上架,2014/6/18,2030/12/31,無,初級,17,438,35,17
資訊科技學院,十、新知分享,10001083,指尖行銷，教你划出知名度!,"對於辛苦大半輩子的第一代創業者而言，家族事業是口碑，也是品牌、更是心血；然而若是第二代不願接手，是否還有別的選擇，可以永續經營下去?
",鐘岳澤,46,上架,2014/4/18,2030/12/31,無,初級,53,649,84,52
資訊科技學院,十、新知分享,10001084,雲端行動化，服務大進化,"經濟部中小企業處有如總鋪師的角色，是協助企業網路轉型最大的幕後推手，推出數位關懷、數位學習、國際外銷、雲端推廣四大計畫，用在地美味結合精湛的廚藝，打造出企業經典好菜~
分享如何推動電子化經營策略與應用，共同傳遞國際網路行銷在新興市場的發展趨勢，用網路結合創意，創造出一波波網路口碑效果。
",張培鏞，邱挺瑜,35,上架,2013/6/25,2030/12/31,無,初級,22,436,39,16
資訊科技學院,十、新知分享,10001087,網路外銷的崛起和契機,"如何掌握商品售價及eBay各國市場趨勢/價格分析？
如何運用Terapeak資料庫，了解同類型產品/賣家的市場競爭態勢，藉以調整商品策略？
本活動有熱賣商品趨勢解析，還有精彩案例分享！",林惠君,45,上架,2010/9/29,2030/12/30,無,初級,23,419,29,19
資訊科技學院,十、新知分享,10001089,中小企業如何善用Google工具,"Google提供的工具快速的介紹並告知如何應用在工作上，
介紹到的工具有Google(谷歌)搜尋、iGoogle、Google免費電子郵件、Google Talk、Youtube、Google Video、Google 部落格(Blogger，網誌)、Google網站流量分析工具(Analytics)、Google 文件、Google日曆、Google地圖、Google earth、Google Sky、Google Moon、Picasa、Google快訊、Google 工具列(toolbar)、Google桌面(desktop)、Orkut、Google lively、Google 瀏覽器(chrome)、Google health...等，讓您快速進入Google的世界。",楊乾中,20,上架,2009/7/13,2030/12/30,無,初級,50,722,86,28
資訊科技學院,十、新知分享,10001090,比特幣與區塊鏈應用的前世今生,如何利用區塊鏈應用移除堵住資訊流的大石頭及比特幣與區塊鏈的相關性,張軒豪,60,上架,2017/1/9,2030/12/31,無,初級,374,5040,393,170
資訊科技學院,十、新知分享,10001091,跨境電子商務,"一、臺灣賣家商機研討會
1.玩具品類介紹
2.玩具品類熱銷產品介紹
3.商業及工業品類介紹
4.商業及工業品類熱銷產品介紹
二、跨境電子商務物流
1.eBay海外倉儲與精選物流方案介紹
2.eBay在五大站點開設倉儲以滿足跨境貿易的重貨交易需求
3.eBay以平台的力量，與物流業者合作，提供賣家們最優惠的跨境物流方案
4.善用海外倉儲與精選物流方案，eBay賣家將能更無憂地將產品賣向全世界",蔡念馳,60,上架,2015/10/13,2030/12/31,無,初級,251,1649,168,73
資訊科技學院,十、新知分享,10001092,「風起雲湧，企業雲端新視野」-如何從雲到「端」,期盼企業能透過本課程了解及享受雲端服務帶來的便利，共同探討台灣中小企業雲端技術發展概況、策略與成效，帶動雲端新契機。,吳漢章,60,上架,2013/6/25,2030/12/31,無,初級,19,421,29,13
資訊科技學院,十、新知分享,10001093,網路外銷系列-綻放行銷力致勝關鍵,"期盼企業能透由本課程了解及享受雲端服務帶來的便利，
共同探討台灣中小企業雲端技術發展概況、策略與成效，
帶動雲端新契機。",宋美蒔,45,上架,2013/6/28,2030/12/31,無,初級,19,464,22,11
資訊科技學院,十、新知分享,10001094,「雲端」不是說說，做就對了!,在現今軟硬體都很成熟狀況下，我們該如何做好雲端服務。藉由痞客邦在雲端運用上的經驗分享，讓您更加了解如何運用雲端服務的優勢以及可能面臨的問題。,李俊廣,35,上架,2013/2/20,2030/12/31,無,初級,28,389,41,18
資訊科技學院,十、新知分享,10001095,創新，電子商務未來的力量與機會,"創新，電子商務未來的力量與機會
電子商務未來有多大?!
電子商務模式觀察及策略建議，
PChome Online 詹宏志董事長為您專業剖析~
透視電子商務大未來!",詹宏志,66,上架,2013/3/21,2030/12/31,無,初級,122,996,125,75
資訊科技學院,十、新知分享,10001096,贏在雲端力─2012中小企業雲端服務應用論壇(下),雲端，象徵「白雲」的全新技術日漸普及。透過雲端，資料開始產生連結，電腦開始產生連結，人與人也開始產生連結。就像孫悟空獲得觔斗雲般，工作的速度與規模都開始出現巨大的變化。透過各種雲端工具讓您拔得頭籌，贏在雲端力！,吳若權，林樂怡，楊乾中，王蔚甫,35,上架,2012/8/27,2030/12/31,無,初級,14,414,21,9
資訊科技學院,十、新知分享,10001098,站上雲端 扭轉趨勢,"高速競爭的現代職場中，乖乖在辦公室用Office已經落伍了，隨時隨地在雲端上文書處理才夠看！
雲端運算近年來在科技領域迅速崛起，帶動全球產業的轉型，也將深遠地改變人們在職場中的工作模式。
想要升官加薪嗎？關鍵就在最夯的「雲端運算」，想要了解它就要趁現在！",王耀聰,105,上架,2011/2/21,2030/12/31,無,初級,32,446,56,28
資訊科技學院,十、新知分享,10001099,與ebay一起迎向電子商務大未來,,林友程，林惠君,60,上架,2015/10/13,2030/12/31,無,初級,30,663,36,17
資訊科技學院,十、新知分享,10001100,雲勢力大解密--打造優質雲端服務DNA(下),雲端運算推廣服務計畫辦公室將透過一系列「雲勢力大解密」講演，協助台灣資服業者打造一個更優質更有競爭力的雲端服務。第二階段課程以分享雲端產品開發人因工程設計切入，從使用者體驗設計以及服務設計的角度，討論目前雲端軟體服務開發所需注意的設計考量。透過服務情境開發、用戶體驗設計、服務支援設計、用戶設定設計，提供給使用者更人性化的雲端服務。同時也分享如何選擇從雲端服務中選擇適當的功能延伸至App中，有效輔助使用者充分利用雲端服務，並提供資服業者在App開發過程中，介面設計及效能考量之重點。最後，則是介紹軟體績效評估方式，針對雲端特性歸納出雲端服務績效之標準，並從SLA的角度，輔助資服業者提昇其服務品質。,邱文豪，何永琳,110,上架,2012/11/28,2030/12/31,無,初級,21,434,29,13
資訊科技學院,十、新知分享,10001101,雲勢力大解密--打造優質雲端服務DNA(上),雲端運算推廣服務計畫辦公室將透過一系列「雲勢力大解密」講演，協助台灣資服業者打造一個更優質更有競爭力的雲端服務。第二階段課程以分享雲端產品開發人因工程設計切入，從使用者體驗設計以及服務設計的角度，討論目前雲端軟體服務開發所需注意的設計考量。透過服務情境開發、用戶體驗設計、服務支援設計、用戶設定設計，提供給使用者更人性化的雲端服務。同時也分享如何選擇從雲端服務中選擇適當的功能延伸至App中，有效輔助使用者充分利用雲端服務，並提供資服業者在App開發過程中，介面設計及效能考量之重點。最後，則是介紹軟體績效評估方式，針對雲端特性歸納出雲端服務績效之標準，並從SLA的角度，輔助資服業者提昇其服務品質。,李志文，侯履祥,71,上架,2012/11/28,2030/12/31,無,初級,13,469,19,10
資訊科技學院,十、新知分享,10001111,機器人產業之發展概況(1),"本課程由「ITIS智網(www.itis.org.tw)」提供。
有心於機器人發展的企業都在發展人工智慧。人工智慧至少還有兩個基本問題尚待解決：圖形辨識和普通常識。目前機器人的立體視覺可以比人眼看到更多的細節，但卻無法辨識所看到的東西。然而隨著現在電腦運算能力的速度大幅提升，人工智慧的復興早已展開，雖然目前的機器人科技離電影科幻情節還有相當大的距離，進展速度緩慢，但可預期的是未來成果將會很紮實。未來若想在機器人產業佔有一席之地，就看誰在AI上投入的多，人工智慧的發展將會影響機器人產業可以發展到何等境界。
消費型無人機讓電子大廠競相投入，例如錯過行動裝置發展的Intel即看好無人機產業。影響現今無人機發展的最大要素，是相關航空法令的開放程度，如飛行高度、空拍涉及隱私的法規、牌照取得、飛行能見度等，目前尚未有一個明確而完善的法律規範與施行細則，這造成無人機在商用領域的推廣上面臨掣肘。不過一旦突破限制，其市場發展潛力將不容小覷。",黃仲宏產業分析師,15,上架,2017/4/28,2030/12/31,無,初級,25,3100,74,59
資訊科技學院,十、新知分享,10001112,機器人產業之發展概況(2),"本課程由「ITIS智網(www.itis.org.tw)」提供。
服務型機器人現階段仍處於萌芽期，但是產業成長的速度一旦爆發將十分驚人，因此相當受到矚目。由於全球各主要國家老年人口逐年提升，老齡化社會對於健康照護需求持續看漲，包含行動輔具以及個人化的移動、照護裝置，專用服務型機器人和個人服務型機器人的應用需求比例已在2010年後逐漸產生消長變化。其中，醫療照護用途機器人與智慧家居庶務型機器人將是未來兩大較具發展性的服務型機器人。",黃仲宏產業分析師,25,上架,2017/4/28,2030/12/31,無,初級,14,1209,57,47
資訊科技學院,十、新知分享,10001113,物聯網IOT發展趨勢,"半導體發展已久，在網通及感測器的發展帶動下，物聯網時代即將來臨，半導體整體產業正在轉變，從過去設計、製造、封測過去專業分工的時代，正逐漸走向垂直整合、上下游彼此緊密結合的現在及未來，各次產業單打獨鬥已成過去式，現今各次產業講求上下游彼此合作以提供最佳的解決方案。以封測業為例，在先進晶圓級封裝的部份，部份便由上游晶圓廠提供中介層，或甚至是植球(Bumping)的部份，再交由下游封測業切割及放到印刷電路板上以完成最後作業流程。而設計業亦需掌握未來終端產品的發展趨勢，以利提前布局所需技術，若需開發時程較久，則會以併購方式取得互補的技術，以上便是半導體的現在進行式，亦將會是未來重要發展趨勢。
物聯網將從過去單一產品、大廠主導、技術導向，將邁向大規模生活應用、系統整合、與資料分析的發展模式，而透過巨量資料與智慧的價值所引導的物聯網生態體系顛覆式創新價值，其中重要關鍵在於「思維轉變」，以解決核心問題(Problem-centric)為前提，並以人為中心的技術/產品/服務開發策略，並運用資料創新應用以解決商業議題，進而獲得價值，是最先應該思考的問題，也是最大的挑戰。
IoT應用環境下包括感測設備、通訊設備或是終端行動裝置皆愈來愈強調多樣化、生命週期短、設計簡化、節能多工、…，而元件模組化可達其要求，因此造成元件模組化之腳步加快，應用比重增加。日、韓零組件廠商規模大，且同質或異質產品線齊全，元件模組化的過程中較具發展優勢。台灣廠商發展元件模組化，必需增加薄型元件之製造能力，並加強各元件廠商整合策略聯盟合作。
物聯網(IoT)的時代來臨，將帶動新一波跨裝置應用的市場需求，並將對現行產業造成相當程度之改變，少量多樣的垂直應用場域機會，將帶動車用顯示器、智慧手錶、頭戴顯示器、數位看板等新的市場需求崛起，成為接續手持式裝置後的新成長動能。技術發展隨著提升使用者體驗，朝輕薄設計、軟性顯示器、透明顯示器等新的解決方案重新定義人機介面，產業也將從以往的規模競爭走向價值競爭。",楊啟鑫、趙祖佑、董鍾明、林研詩,21,上架,2017/4/28,2030/12/31,無,初級,176,6100,203,143
資訊科技學院,十、新知分享,10001114,全球製造業智慧自動化背景,中國大陸製造業經營環境改變，造成全球性製造業的轉型與升級需求，包括德國提出「工業4.0」、美國提出「AMP」、日本提出「工業4.1J」、韓國提出「製造業創新3.0戰略」與中國大陸提出「中國製造2025」等政策。世界工廠的興起與轉型皆成因於中國大陸，接下來會如何發展，是我們需要持續關注的議題。,戴熒美產業分析師,17,上架,2017/4/28,2030/12/31,無,初級,466,4251,377,250
資訊科技學院,十、新知分享,10001115,全球製造業智慧自動化發展趨勢,全球製造業自動化發展，主要是以資通訊技術應用加值為核心，分為集中控制與分散控制的同步運作、生產技術與資訊技術的整合效益、連續型自動化與離散型自動化的彈性調配、各類衍生的服務模式與數位化的軟體平台等五大發展方向，核心技術則主要圍繞在感測器、移動性、保全性與無線化等功\能技術的開發，現階段全球智慧製造現場上已有許\多實際案例實施與應用。,戴熒美產業分析師,17,上架,2017/4/28,2030/12/31,無,初級,625,5185,558,337
資訊科技學院,十、新知分享,10001116,國內外製造業智慧自動化應用案例,智慧自動化方案必須有效實踐經營目標，才能達到實施者的投入產出效應，從國際製造廠案例可揭櫫相關思考方向相關思考方向，如解決需求變異問題、製造業回流的差異化、運用IoT提升生產效率、全球性生產創新、創新商業模式等。,戴熒美產業分析師,20,上架,2017/4/28,2030/12/31,無,初級,868,7751,825,496
資訊科技學院,十、新知分享,10001130,【科技，始於人性-呼應真實需求的智慧生活】智慧生活的Next Big Things,智慧化浪潮使得過去許多實驗室內的前瞻科技，逐步走入我們的日常生活之中。因此，如何結合既有的產業優勢，輔以「硬體＋軟體＋智慧服務」的整合思維，重新以人性需求為核心，以創新思維設計使用經驗，將未來打造成更能呼應真實需求的智慧生活呢？,簡立峰總經理,27,上架,2017/6/5,2030/12/31,無,初級,31,2587,63,35
資訊科技學院,十、新知分享,10001131,【科技，始於人性-呼應真實需求的智慧生活】AI人工智慧的下個十年,智慧化浪潮使得過去許多實驗室內的前瞻科技，逐步走入我們的日常生活之中。因此，如何結合既有的產業優勢，輔以「硬體＋軟體＋智慧服務」的整合思維，重新以人性需求為核心，以創新思維設計使用經驗，將未來打造成更能呼應真實需求的智慧生活呢？,游直翰創辦人,29,上架,2017/7/5,2030/12/31,無,初級,555,5731,470,262
資訊科技學院,十、新知分享,10001132,【科技，始於人性-呼應真實需求的智慧生活】台灣物聯網的契機，以Kumawash創辦經驗為例,智慧化浪潮使得過去許多實驗室內的前瞻科技，逐步走入我們的日常生活之中。因此，如何結合既有的產業優勢，輔以「硬體＋軟體＋智慧服務」的整合思維，重新以人性需求為核心，以創新思維設計使用經驗，將未來打造成更能呼應真實需求的智慧生活呢？,林宜儒創辦人,29,上架,2017/8/7,2030/12/31,無,初級,33,2716,65,30
資訊科技學院,十、新知分享,10001156,物聯網與金融科技,,裴有恆總經理,64,上架,2017/6/19,2030/12/31,無,初級,358,5564,286,169
資訊科技學院,十、新知分享,10001157,物聯網間的通訊本質,"人人都知道物聯網很夯，因為新聞聽很多、書本看很多，但是你知道要如何應用嗎? Pofat老師知道你的煩惱!帶你從頭探勘物聯網的本質、基本原理及架構，不只紮穩基礎知識，而且一一點破物聯網通訊技術中常常遇到的困難，不只講解實例，也帶你一起實際操作智慧家庭中樞，如Arduino、Raspberry pi。
本課程會介紹物聯網通訊中：
(1)所遇到的挑戰
(2)環境需求與安全性考量
(3)各種情境的通訊協定與原理
應用層的通訊協定、特性與實作方法
",曾奕穎Pofat講師,43,上架,2018/7/1,2019/7/1,無,初級,386,3517,386,219
資訊科技學院,十、新知分享,10001158,物聯網間的近距離通訊,人人都知道物聯網很夯，因為新聞聽很多、書本看很多，但是你知道要如何應用嗎? Pofat老師知道你的煩惱!帶你從頭探勘物聯網的本質、基本原理及架構，不只紮穩基礎知識，而且一一點破物聯網通訊技術中常常遇到的困難，不只講解實例，也帶你一起實際操作智慧家庭中樞，如Arduino、Raspberry pi。 本課程會介紹物聯網通訊中： (1)所遇到的挑戰 (2)環境需求與安全性考量 (3)各種情境的通訊協定與原理 應用層的通訊協定、特性與實作方法,曾奕穎Pofat講師,35,上架,2018/7/1,2019/7/1,無,初級,270,2408,283,165
資訊科技學院,十、新知分享,10001159,物聯網間的遠距離通訊,人人都知道物聯網很夯，因為新聞聽很多、書本看很多，但是你知道要如何應用嗎? Pofat老師知道你的煩惱!帶你從頭探勘物聯網的本質、基本原理及架構，不只紮穩基礎知識，而且一一點破物聯網通訊技術中常常遇到的困難，不只講解實例，也帶你一起實際操作智慧家庭中樞，如Arduino、Raspberry pi。 本課程會介紹物聯網通訊中： (1)所遇到的挑戰 (2)環境需求與安全性考量 (3)各種情境的通訊協定與原理 應用層的通訊協定、特性與實作方法,曾奕穎Pofat講師,47,上架,2018/7/1,2019/7/1,無,初級,225,2169,219,124
資訊科技學院,十、新知分享,10001160,物聯網間的應用層的通訊與實例,人人都知道物聯網很夯，因為新聞聽很多、書本看很多，但是你知道要如何應用嗎? Pofat老師知道你的煩惱!帶你從頭探勘物聯網的本質、基本原理及架構，不只紮穩基礎知識，而且一一點破物聯網通訊技術中常常遇到的困難，不只講解實例，也帶你一起實際操作智慧家庭中樞，如Arduino、Raspberry pi。 本課程會介紹物聯網通訊中： (1)所遇到的挑戰 (2)環境需求與安全性考量 (3)各種情境的通訊協定與原理 應用層的通訊協定、特性與實作方法,曾奕穎Pofat講師,50,上架,2018/7/1,2019/7/1,無,初級,199,1973,185,96
資訊科技學院,十、新知分享,10001161,物聯網智慧家庭中樞實作,人人都知道物聯網很夯，因為新聞聽很多、書本看很多，但是你知道要如何應用嗎? Pofat老師知道你的煩惱!帶你從頭探勘物聯網的本質、基本原理及架構，不只紮穩基礎知識，而且一一點破物聯網通訊技術中常常遇到的困難，不只講解實例，也帶你一起實際操作智慧家庭中樞，如Arduino、Raspberry pi。 本課程會介紹物聯網通訊中： (1)所遇到的挑戰 (2)環境需求與安全性考量 (3)各種情境的通訊協定與原理 應用層的通訊協定、特性與實作方法,曾奕穎Pofat講師,65,上架,2018/7/1,2019/7/1,無,初級,375,3206,399,219
資訊科技學院,十、新知分享,10001162,從CES 2017看人工智慧應用發展趨勢,,陳彥合資深產業分析師,51,上架,2017/7/17,2019/7/17,無,初級,1056,8965,967,496
資訊科技學院,十、新知分享,10001163,VR產品發展趨勢與關鍵議題,帶領學員一同來探討VR虛擬實境發生原因、應用流行趨勢，並將根據市場上最新廠商動態，包括CES 2016、MWC2016相關應用服務新興經營模式等出現，進一步更新推論VR應用市場的風險與機會，提供欲評估跨足此一領域之人士一同研討參考，亦是相關產品PM、研發人員與投資者必學之精華課程！,龔存宇分析師,29,上架,2017/7/17,2019/7/17,無,初級,30,1384,43,23
資訊科技學院,十、新知分享,10001165,行動支付消費者調查分析,,胡自立資深產業分析師,30,上架,2017/8/7,2019/8/7,無,初級,46,3943,71,43
資訊科技學院,十、新知分享,10001166,家庭及商業應用機器人發展趨勢前瞻,,張佳蕙產業分析師,37,上架,2017/8/7,2019/8/7,無,初級,359,3900,254,152
資訊科技學院,十、新知分享,10001167,從「工業物聯網」看產業運作新模式,,陳彥合資深產業分析師,41,上架,2017/8/7,2019/8/7,無,初級,100,1421,73,31
資訊科技學院,十、新知分享,10001168,物聯網生態系統(1),課程將從物聯網的基本技術，逐步探討物聯網的技術及應用架構，再解析物聯網生態系統，提供物聯網領域技術及應用發展的基本架構性知識，在未來學習技術或是發展應用乃至於服務之際，得以有較全面性的思考。,周碩彥教授,24,上架,2018/7/1,2019/7/1,無,初級,367,3350,351,247
資訊科技學院,十、新知分享,10001169,物聯網生態系統(2),課程將從物聯網的基本技術，逐步探討物聯網的技術及應用架構，再解析物聯網生態系統，提供物聯網領域技術及應用發展的基本架構性知識，在未來學習技術或是發展應用乃至於服務之際，得以有較全面性的思考。,周碩彥教授,39,上架,2018/7/1,2019/7/1,無,初級,159,2018,144,88
資訊科技學院,十、新知分享,10001170,物聯網生態系統(3),課程將從物聯網的基本技術，逐步探討物聯網的技術及應用架構，再解析物聯網生態系統，提供物聯網領域技術及應用發展的基本架構性知識，在未來學習技術或是發展應用乃至於服務之際，得以有較全面性的思考。,周碩彥教授,25,上架,2018/7/1,2019/7/1,無,初級,132,1818,118,75
資訊科技學院,十、新知分享,10001171,物聯網創新應用(1),課程簡介本課程乃針對物聯網的主要創新應用進一步解析其技術及應用模式。在近年來物聯網的應用除了在消費者端應用的逐漸多元化，在近日的發展逐漸的歸納於智慧城市的範疇之中。在工業上的應用也因工業4.0或是工業互聯網的推波助瀾，除了便利及服務外，在經濟上也有明確永續的模式展現。本課程亦將針對物聯網於工業上的主要創新應用進一步的介紹。,周碩彥教授,57,上架,2018/7/1,2019/7/1,無,初級,198,2446,188,109
資訊科技學院,十、新知分享,10001172,物聯網創新應用(2),課程簡介本課程乃針對物聯網的主要創新應用進一步解析其技術及應用模式。在近年來物聯網的應用除了在消費者端應用的逐漸多元化，在近日的發展逐漸的歸納於智慧城市的範疇之中。在工業上的應用也因工業4.0或是工業互聯網的推波助瀾，除了便利及服務外，在經濟上也有明確永續的模式展現。本課程亦將針對物聯網於工業上的主要創新應用進一步的介紹。,周碩彥教授,49,上架,2018/7/1,2019/7/1,無,初級,124,1424,113,70
資訊科技學院,十、新知分享,10001176,從台灣網購行為看電商發展趨勢,"1.台灣電商產業現況
2.台灣電商發展趨勢",張筱祺 產業分析師,32,上架,2017/10/2,2030/12/31,無,初級,57,2078,74,36
資訊科技學院,十、新知分享,10001177,從MWC 2017洞悉物聯網發展趨勢,"1.LPWAN技術與應用發展趨勢
2.車聯網技術與應用發展趨勢
3.其他物聯網議題觀測
4.結論",曾巧靈 產業分析師,47,上架,2017/10/2,2030/12/31,無,初級,19,1967,37,16
資訊科技學院,十、新知分享,10001178,新經濟下之跨境電商趨勢,"1.新經濟下之電商發展環境
2.國際跨境電商發展趨勢
3.跨境電商在台發展現況
4.結論",張筱祺 產業分析師,34,上架,2017/10/2,2030/12/31,無,初級,29,1509,46,21
資訊科技學院,十、新知分享,10001179,新興智慧科技產業之發展觀測與產銷趨勢,智慧手機的概況,林信亨 資深產業分析師暨資深專案經理,118,上架,2017/11/1,2030/12/31,無,初級,233,1982,146,87
資訊科技學院,十、新知分享,10001180,消費性IoT應用—以智慧家庭為例,"●全球智慧家庭發展現況
●全球智慧家庭主要應用
○居家安全
○智慧節能
○健康照護
○智慧管家
●結論與建議",許桂芬 資深產業分析師,46,上架,2017/11/1,2030/12/31,無,初級,222,2472,225,142
資訊科技學院,十、新知分享,10001181,工業用IoT應用—以智慧製造為例,"物聯網發展現況
台灣產業智慧製造發展現況與廠商需求分析
智慧製造發展關鍵議題
結論",魏傳虔 資深產業分析師兼產品經理,35,上架,2017/11/1,2030/12/31,無,初級,230,2455,178,101
資訊科技學院,十、新知分享,10001182,機器學習專利趨勢與大廠布局分析,"●專利趨勢
○國家別
○領域別
○應用別
●專利布局
○相對研發能力
○技術矩陣分析
●結論與建議",陳賜賢 資深產業分析師,46,上架,2017/12/1,2030/12/31,無,初級,276,3280,182,118
資訊科技學院,十、新知分享,10001183,全球智慧製造產業關鍵議題剖析,"●前言
●產業關鍵議題
→產業政策：選擇聚焦
→產業生態：後發先至
→產業競爭：服務為王
→產業結構：借力使力
→產業需求：知己知彼
●結論與建議",魏傳虔 資深產業分析師兼產品經理,41,上架,2017/12/1,2030/12/31,無,初級,256,1697,163,104
資訊科技學院,十、新知分享,10001184,人工智慧發展趨勢與大廠動態布局,"人工智慧發展新局面
國際大廠人工智慧技術投入概況
新創業者技術及領域分布
重點領域趨勢觀測
結論",韓揚銘 產業分析師,42,上架,2017/12/1,2030/12/31,無,初級,277,3362,200,112
資訊科技學院,十、新知分享,10001185,CES半導體技術進展與智慧車應用趨勢,CES 2017展會相當的精采，我們就半導體技術進展以及智慧車應用趨勢進行分析，在CES 2017看到的產品變化五大趨勢中，都和半導體以及汽車有些關係，包含聲音、人工智慧、萬物聯網、交通工具的轉型以及生活數位化等五大趨勢。,彭茂榮   經理/工研院IEK,4,上架,2017/11/1,2030/12/31,無,初級,221,1443,162,105
資訊科技學院,十、新知分享,10001186,NEPCON Japan 車用趨勢探討,台灣印刷電路板產業居全球領先的地位，多以消費性電子產品為主，能進入車輛電子領域的業者不多。藉由本次觀察日本國際大廠在技術研發方向，瞭解車用印刷電路板(PCB)的關鍵課題，以作為後續發展參考依據。,石育賢   經理/工研院IEK,7,上架,2017/12/1,2030/12/31,無,初級,58,1722,68,49
資訊科技學院,十、新知分享,10001187,RoboDEX 工業4.0智慧工廠之新風貌,日本這次是第一次舉辦智慧工廠展，來自海內外參展總共有2270家廠商，第一天就有超過三萬五千名的參觀者，這一次的主題還是圍繞在工業4.0，當在展場上討論到智慧工廠的時候，我們都必定一定會聽到同一種觀點，那就是日本一直都有在推進，的確日本的工廠長期以來一直致力於自動化以及IT化。,紀翔瀛    產業分析師/金屬中心,6,上架,2018/1/1,2030/12/31,無,初級,470,5083,437,292
資訊科技學院,十、新知分享,10001188,ISPO Munich國際品牌脈動,2017 ISPO德國慕尼黑體育用品展由慕尼黑國際展覽集團（Messe Minchen Gmbh）主辦，本展為戶外運動用品最具領導性也是規模最大的展覽，從流行布料趨勢到原物料品牌供應商資源一應俱全，產品開發人員、設計師或品牌商都可以在此展找到豐富的靈感來源及開發方向。,吳宛靜   副研究員/紡織所,17,上架,2018/2/1,2030/12/31,無,初級,139,1936,163,112
資訊科技學院,十、新知分享,10001189,從Global Ecommerce Summit看電商發展趨勢,Global E-commerce Summit(GES)高峰會，是由歐洲電商協會Ecommerce Europe主辦，本屆主題包含了智慧聯網在零售業的應用以及電子商務的發展趨勢，與談人來自全球知名之零售業者如ASOS、Coca-Cola、物流業者DPD Group、顧問公司GFK、學術界Singularity University、IMD University等。,張筱祺 資深產業分析師/資策會MIC,5,上架,2018/3/1,2030/12/31,無,初級,146,1284,182,113
資訊科技學院,十、新知分享,10001190,IVR 虛擬實境技術與應用趨勢,"本次的展場一共參展廠商有2,454家，日本廠商佔了85%，其他國際的廠商佔了15%，觀眾的總人數有88,554人，研討會的聽眾也來到11,718人，可以看到來自台灣、韓國、中國大陸、美國、歐洲等不同國家的廠商參展。",林澤民    經理/工研院IEK,10,上架,2018/4/1,2030/12/31,無,初級,152,971,195,133
資訊科技學院,十、新知分享,10001191,泰國國際食品展特色及趨勢觀察,6月初於泰國曼谷剛結束的「2017年泰國國際食品飲料展」，吸引了全球約2千多家食品業者加入參展，我國亦有廠商及公協會參與，顯示全球及國內廠商對泰國與東協巿場的重視。本次展會我們可以綜整歸納4大特色及2大趨勢。,鄔嫣珊   副研究員/食品所,5,上架,2018/5/1,2030/12/31,無,初級,188,1190,217,130
資訊科技學院,十、新知分享,10001192,EBF PSD2規範下金融革命與資安挑戰,這一次的研討會是由Leader in security主辦，並邀請來自政府單位、資安業者、金融資訊服務商等，針對PSD2規範，對歐洲金融服務業所帶來的商機、衝擊，還有資訊安全等相關挑戰，進行一系列的議題討論。歸結研討會重點，PSD2為消費者塑造了一種更為安全的金融帳戶資料使用環境...,陳凱迪   產業分析師/資策會MIC,4,上架,2018/6/1,2030/12/31,無,初級,102,1408,145,80
資訊科技學院,十、新知分享,10001193,VR翻轉教育帶領新浪潮,VR翻轉教育，進入你我他的世界，帶領新浪潮,彭子威（Andy）：法亞科技集團／執行長暨創辦人,60,上架,2017/11/14,2030/12/31,無,初級,81,1545,145,94
資訊科技學院,十、新知分享,10001194,從人的服務到AI機器人服務—客服產業應用實例,"1.人工智慧熱潮帶來的影響與改變
2.服務機器人於生活中及產業的應用
3.機器人怎麼學習人
4.AI智慧服務應用",張榮貴/程曦資訊整合(股)公司 總經理,40,上架,2017/11/21,2030/12/31,無,初級,389,4800,373,236
資訊科技學院,十、新知分享,10001195,Video AI for Media and Entertainment Industry,"1.現行AI技術的應用與限制
2.影視與文化產業現在面臨的挑戰
3.深入分析影音內容後，可以進行的各種應用
4.現行AI技術在分析影音內容時所會遇到的挑戰
5.分析、精確掌握影音內容後，可進行的應用，如：影音內容關連廣告、影音內容推薦。",陳彥呈/創意引晴Viscovery 研發副總裁,40,上架,2017/11/21,2030/12/31,無,初級,40,4529,70,42
資訊科技學院,十、新知分享,10001221,人工智慧：台灣的產業機會,"1.什麼是人工智慧
2.國際人工智慧發展
3.我國人工智慧發展狀況",余孝先/資訊工業策進會副執行長,60,上架,2018/2/1,2030/12/31,無,初級,563,6537,543,329
資訊科技學院,十、新知分享,10001247,金融科技-數位淘金新革命,"金管會-鄭貞茂副主任委員
台灣聯合金融-林滄億執行長
鉅資科技-翁禮祺總經理",金管會、台灣聯合、鉅資科技,40,上架,2018/8/1,2030/12/31,無,初級,282,2359,313,176
資訊科技學院,十、新知分享,10001248,一、數位化思維-前言與介紹,"●數位化思維有三個層次
１。最基本的數位化思維是程式思維、計算機思維，有時候會叫他演算法思維，計算機思維要我們思考的是，我們怎麼把這樣一個做事情的方式，變成一隻程式一個演算法，至少要變成一個標準作業程序
２。數位化思維的第二個層次，叫做資訊思維，資訊思維的意思是當我們看到真實世界的時候，我們會用資料的角度去理解這件事情所代表的涵義
３。數位思維的最後一個層次，也是他最高的一個層次叫做管理思維，管理其實是一種目標導向的行為，管理者就是在公司裡負責做出正確的決策，而且他必須要對最後的結果負責的人",中原大學資訊管理系-劉士豪教授,24,上架,2018/9/4,2030/12/31,無,初級,310,2924,357,171
資訊科技學院,十、新知分享,10001249,一、數位化思維-鍊金術,能夠正確的理解這五個基本概念，其實就是你理解數位化或者是數據化的基本煉金技術，我們說數位化、數據化其實就是把我們原本人類做的很好的事情交給機器交給一台電腦來幫我們做，而且要做的更快，更好。,中原大學資訊管理系-劉士豪教授,21,上架,2018/9/19,2030/12/31,無,初級,259,2328,302,181
資訊科技學院,十、新知分享,10001250,一、數位化思維-管理者的資訊世界觀,"●決策需要資訊得直接到真實世界去收集，其實是一個很爛的取得【正確資訊】的方法
●資訊系統的核心，其實是一個【真實世界的模型】，這個模型要能夠及時的跟真實世界保持同步
●一家公司是否在每一個功\能面都建立了可以提供決策者【正確資訊】的資訊系統，能夠在【正確的時間、正確的地點、用正確的格式，把正確的資料，交給要做出決策的那個個體】，就是一個高度數位化的組織跟一個傻瓜蛋型的傳統組織之間，真正的差異所在",中原大學資訊管理系-劉士豪教授,23,上架,2018/9/26,2030/12/31,無,初級,215,1643,259,154
資訊科技學院,十、新知分享,10001251,一、數位化思維-資訊系統萬事通,"●【模型】就是站在使用者的觀點，只把他們所需要知道的資料，才放進這個模型裡面來
●建立模型其實是只保留決策者們需要的，對那些他們不需要的資料就通通扔光光，這樣的一個抽象化的過程。",中原大學資訊管理系-劉士豪教授,28,上架,2018/10/3,2030/12/31,無,初級,193,816,215,120
資訊科技學院,十、新知分享,10001252,二、我們身邊的資訊系統-前言與介紹,這五種資訊系統就像是鋒利的寶刀，用得好會讓你揚名立萬，用錯地方，被它們割斷自己的手腳甚至脖子的企業。,中原大學資訊管理系-劉士豪教授,18,上架,2018/10/10,2030/12/31,無,初級,165,1587,194,39
資訊科技學院,十、新知分享,10001253,二、我們身邊的資訊系統-企業資源規劃系統ERP,"●ERP的定義就是【一個以財務為導向的資訊系統，用來確認和規畫為了接受、製造、運送和結算客戶訂單所需的整個企業的資源】
●【資料整合】的意思是說，ERP裡面的真實世界模型，不再只是一個部門裡的部分業務，例如庫存管理，就只是倉庫裡存貨數量的模型而已，ERP他的模型涵蓋\了整個企業的主營運流程",中原大學資訊管理系-劉士豪教授,27,上架,2018/10/17,2030/12/31,無,初級,203,1668,227,123
資訊科技學院,十、新知分享,10001254,二、我們身邊的資訊系統-顧客關係管理系統CRM,"CRM建置須知
●透過顧客關係管理的建立，我們可以把很多以前只存在在我們的王牌業務人員腦袋裡的這個銷售方式跟模式，把它普及到每一個業務員，讓他們也可以來做一樣的事情
●在顧客關係管理裡面，顧客要甚麼，那就是甚麼，所以通常這個時候，我們會大量的使用非結構化資料處理的技術像文字探勘啊或者是一些大數據處理影像、聲音的技術來想辦法讓我們CRM的資料模型在結構上可以更有彈性，可以隨時記錄下真實世界裡面的那些形形色色、亂七八糟發生的所有事情
●確切的掌握我們跟顧客的關係，其實還可以讓我們創造出很多新的、過去沒有想到的服務
●CRM可以讓我們跟好顧客綁得更緊，把壞顧客推得遠遠的，最好是推給競爭對手，讓它去害死對方。",中原大學資訊管理系-劉士豪教授,22,上架,2018/10/24,2030/12/31,無,初級,184,1454,213,115
資訊科技學院,十、新知分享,10001255,二、我們身邊的資訊系統-供應鏈管理系統SCM,"●供應鏈就是當我們需要某一樣東西的時候，供應鏈要想辦法在正確的時間、正確的地點把那個東西搬到他需要被用到的地方去。
→我們最喜歡的供應鏈，就是沒有供應鏈，最好這些東西能夠不花我們一毛錢，直接就出現在我們需要他的地方
→消除、簡化、優化供應鏈可是很大的競爭優勢的來源",中原大學資訊管理系-劉士豪教授,23,上架,2018/10/31,2030/12/31,無,初級,139,424,167,102
資訊科技學院,十、新知分享,10001256,二、我們身邊的資訊系統-製造執行系統MES,●我們講的製造是【工業化的製造】，他強調的是大量的生產，創造最高的效率，才能把原本昂貴的東西用最高的品質、最低的成本製造出來,中原大學資訊管理系-劉士豪教授,28,上架,2018/11/7,2030/12/31,無,初級,126,375,126,68
資訊科技學院,十、新知分享,10001257,二、我們身邊的資訊系統-企業智慧系統BI,"●企業智慧系統是企業裡面負責做雙圈學習的平台
●建置BI的挑戰
●企業智慧系統的使用者是誰？理論上，當然是高階跟各級的主管，我們通常仰賴專業的數據工程師來幫助他們
●企業智慧系統的核心是一群一堆資料倉儲或者是資料市集",中原大學資訊管理系-劉士豪教授,22,上架,2018/11/14,2030/12/31,無,初級,98,341,94,51
資訊科技學院,十、新知分享,10001258,三、資訊科技的革命-前言與介紹,"●你該問的是【科技想要什麼】
●我們要介紹五種創新的資訊科技
→大數據Big Data、物聯網Internet of Things、雲端服務Cloud Services、人工智慧Artificial Intelligence、網實整合系統Cyber-Physical Systems
→這五樣科技聯手，將會在未來，對我們人類造成一場全新的社會革命
→你要學習這些科技跟科技之間彼此之間會產生的那些連結是什麼
→其次是學習它們跟我們既有的數位企業架構之間的關係以及他們對現有的數位企業架構會產生的衝擊
→其實，Google Maps取代GPS行車導航系統的故事，正好用來完美的解釋這些數位資訊科技是如何的顛覆了產業的遊戲規則，讓我們的生活隨之改變，變得更美好的",中原大學資訊管理系-劉士豪教授,22,上架,2018/11/21,2030/12/31,無,初級,93,283,77,37
資訊科技學院,十、新知分享,10001259,三、資訊科技的革命-大數據 Big Data,"●大數據就是我們現在可以有效地解決資料超載的問題，有能力對龐大的、多元、即時性的資料進行處理，可以針對同一件事，利用所收集到的不同的資料來源進行綜合整理分析，然後得到我們想要知道的事情
●大數據早就有了，只是我們過去一直沒有充分的去發揮它的潛力
●如果沒有【資訊收集】、【管理者決策習慣】【只想我們現在的問題】【跨組織無法分享數據】這些限制。我們的企業，還有極大的潛力，還沒有被釋放出來
●未來我們更常看到的，即將是以大數據這個技術為基礎的，所謂數據驅動的成長策略",中原大學資訊管理系-劉士豪教授,26,上架,2018/11/28,2030/12/31,無,初級,64,236,39,16
資訊科技學院,十、新知分享,10001260,三、資訊科技的革命-物聯網 Internet of Things,"●UBike跟我們一般腳踏車在本質上的差異。兩個當然都是腳踏車，但是一個是一個物，單純的腳踏車而已，而UBike卻是一台【智慧裝置】
●你看到現代的貨櫃運輸產業，它的底層，就是一個不折不扣的物聯網
●互聯網裡面的【物】是所謂的智慧裝置，智慧裝置的四個層次
●數位化企業要怎麼樣能夠因應物聯網所帶來的機會
●沒有好的戶政，需要你流血流汗建立的戶政系統，貿然把智慧裝置擺\進你的企業裡面，他幫你找的麻煩，會遠遠的比他幫你解決的問題，還要多得多",中原大學資訊管理系-劉士豪教授,23,上架,2018/12/5,2030/12/31,無,初級,33,101,1,0
